id,delivery_price
122,323.31586
58,121162.37301
26,1751.10992
55,63571.22625
4,10.78175
123,44167.30864
144,35963.53271
129,129586.72006
118,259244.3392
103,60761.43815
100,25851.861
91,420469.15456
66,187861.212
130,110855.48544
22,171424.39356
107,72632.70
96,1396.92623
77,165.71016
57,368928.00
35,3063.14001
33,7792.9635
92,223786.75025
18,14407.30025
126,20854.38537
108,100190.853
117,116083.81435
24,16015.51035
17,70438.06091
93,124491.98664
138,53877.24594
95,110454.13106
56,9199.49296
41,38622.68375
16,5578.53723
83,80362.35648
110,33627.67191
43,5919.39425
102,117830.17176
99,1678.67364
40,38029.37152
143,261.324
52,708.80719
37,18545.89527
106,74993.10903
64,29760.94352
11,272490.6905
1,33013.91492
134,204245.90228
98,49497.36176
104,47168.26891
54,6041.196
10,290505.52587
133,179183.55574
72,51545.74908
2,127029.6818
150,281206.11064
61,408995.34858
74,433633.66704
146,78362.92044
127,84621.98892
119,102433.95232
85,7510.60975
60,164531.16176
47,2131.9256
30,309593.4464
14,61064.97964
75,3945.80025
80,3045.22736
86,413.11396
142,18941.58336
7,378308.763
76,38203.3057
94,154909.195
114,53888.44188
131,95211.78534
45,27201.40304
81,119295.72116
124,204286.90282
6,5706.15472
39,43890.903
51,8569.35625
116,54022.90418
120,68583.29247
128,1388.28375
12,4758.51789
13,85417.48992
20,30988.12871
50,310140.99277
70,170236.49664
88,109134.29968
36,3994.14519
115,152333.59932
125,164510.01672
151,114332.17068
149,116804.92768
63,88008.55154
147,22129.72335
152,48666.79552
15,104636.35
21,575.0409
169,275994.03762
89,187136.07633
135,39589.27511
19,597.66336
23,93719.47158
44,90469.86921
137,39594.46743
121,48809.1744
9,20488.16028
5,2673.76725
79,53108.125
167,240012.75452
173,137985.28912
69,36329.8432
170,252.13923
59,146451.87501
8,402414.21108
42,91007.04375
49,11005.07954
78,70927.02288
112,139492.56496
113,31122.13412
189,25616.90852
73,5517.4378
82,48753.4936
139,20047.11625
219,57961.86816
27,34327.03813
32,123.403
53,28725.54111
87,33828.23808
97,75044.25936
105,2321.172
155,12784.43124
109,32473.04256
148,122952.63456
184,433.02924
90,23353.484
111,75106.36224
172,120046.4384
225,916.05591
48,1285.64576
71,157587.01875
84,290688.05556
141,80325.42525
132,147364.532
153,12539.69192
224,58532.51096
220,2871.148
212,6559.64232
211,101515.95783
25,11817.26343
29,232098.83046
38,72.163
46,145032.97536
62,8937.35766
140,9219.51072
166,255402.89775
3,34481.104
68,221449.032
101,1319.08413
136,173329.06122
164,57087.09888
168,25667.824
208,3527.28474
201,74340.02961
231,2525.31216
179,5182.20864
181,60626.63425
210,221953.18236
28,63527.09153
31,72317.26656
34,178811.97607
67,61764.9522
145,9298.14704
187,17299.56767
65,135370.75104
185,160087.12083
182,37087.9817
171,539.5572
186,58044.672
158,6881.12208
191,175930.08048
194,236274.51897
197,17743.81847
202,19241.52097
203,126256.3848
204,48425.216
216,54580.13064
183,93607.75984
188,3959.86563
239,439299.51723
178,123837.37856
196,1468.88
154,56213.696
157,70723.4976
250,267825.27996
213,217.1295
163,2027.41308
228,10505.80125
271,58677.69523
273,433188.69888
156,4067.49952
177,116016.69849
195,28288.75
217,83493.872
160,115227.96544
264,40828.032
180,7986.53968
280,2841.685
278,40515.19472
190,22096.94256
175,4548.34422
229,192353.32032
174,29266.25548
218,14497.09408
234,2632.83076
237,66463.30579
262,47317.09122
258,2905.78624
199,35824.20261
298,17380.07425
223,75147.92215
165,6948.5283
192,10217.43107
198,9527.68089
200,37661.40
233,17721.781
240,7198.24644
283,368898.06303
311,78675.71075
319,21397.824
324,82528.73244
297,424683.30296
159,137562.69576
243,1019.86388
244,28913.47235
176,24317.42796
209,367145.57817
294,212131.5504
235,319431.56056
238,353268.23616
287,35143.92756
288,19010.467
333,13873.83207
330,39921.084
293,139449.04512
266,4309.84764
270,29391.3921
161,78539.32268
162,291.34637
207,1742.3308
193,12014.55024
306,363955.585
307,7438.1265
215,976.77104
292,235224.91027
205,6921.22592
303,4768.85556
326,114199.5701
281,12237.6065
222,247908.90684
329,101195.584
226,19492.86171
227,139405.07266
272,134741.26764
206,254060.09804
282,48038.37108
301,318.23883
247,9953.52799
253,14314.53877
277,11.68272
267,3895.87968
214,13670.97291
259,14176.1438
263,15009.32328
261,46923.99075
269,12005.83517
252,203547.68896
255,22511.98656
265,115743.474
331,132781.628
230,4288.361
246,7139.04716
241,54050.514
236,18.67698
254,80271.91788
286,283286.76208
318,23756.4866
334,3543.83953
276,340001.97812
296,239954.49464
242,173342.45194
335,2398.886
338,2023.91168
343,374354.316
221,215.208
309,49220.93904
323,1027.5328
328,74.725
354,152293.4784
274,33613.03435
308,29004.29952
232,64114.76736
256,2.49368
346,5422.90
248,54243.48384
249,108841.446
251,25619.94876
304,321.37728
245,105655.29156
337,1.41337
325,55408.06656
322,29812.38848
291,399953.07275
314,419246.7048
361,177085.44
268,1160.00101
347,686.13776
279,81751.98955
260,82703.54624
366,348191.86801
289,13022.33856
342,10.0345
355,65633.52096
310,12962.21696
363,177753.96828
374,19834.84174
315,185918.9598
316,49593.76128
257,12261.32208
397,134599.41824
299,30129.12
275,126632.07648
321,29557.84524
348,3132.26704
398,228.03508
360,6269.84596
340,87660.67464
386,268762.43394
383,115751.62116
373,74794.3875
284,24099.82876
313,104409.22016
378,831.31776
305,4598.363
416,17479.91112
414,16048.368
408,31261.0116
351,45027.96984
401,139996.67262
413,34.05325
295,67928.21469
344,82.22739
339,119009.71656
368,113287.5835
425,1120.49924
388,266360.5504
285,51811.65052
290,26220.46875
312,15974.44576
317,364711.802
345,63929.4579
450,161860.31092
449,24419.276
407,152559.7983
300,26378.352
364,155787.29488
320,59212.944
415,45333.87264
382,122703.64659
396,71479.35592
438,352.59525
302,3513.37735
352,280503.33696
358,257856.73865
371,67991.43204
327,212.34283
447,31155.31629
458,310793.66227
341,4100.908
332,155141.53424
356,136303.92111
372,5094.07584
367,3680.26176
369,245657.47248
460,22873.536
380,155635.095
411,35812.76328
418,48334.48704
437,5329.814
362,116186.75978
409,120193.89858
430,5001.04962
473,10812.72031
461,4210.04493
359,16032.51776
400,14038.32528
452,343974.6324
385,8708.98952
390,201594.5568
406,25405.53071
439,57078.42224
353,157216.24611
462,34136.71142
365,21519.3055
399,1557.08966
436,11419.20976
336,180299.20853
350,465.53675
381,7198.24644
445,183454.16208
470,88500.48543
487,68280.64768
479,320.62149
404,9244.25964
410,21753.61748
440,326.78737
349,418118.40
393,5595.408
467,2725.31896
474,24727.0149
463,35537.73685
370,12052.87776
357,282.02496
427,60831.29108
443,158262.23385
376,35638.7864
384,835.45539
403,64122.14592
508,331366.72296
481,8441.17512
472,176236.137
451,3151.46496
377,3268.4715
412,160469.14065
441,374380.45267
446,20748.66444
464,62245.925
502,23139.45025
405,147632.688
453,4109.28147
529,18940.6952
389,52362.19443
434,29459.584
456,32811.45714
471,1362.36912
483,79198.78575
484,6.98572
482,66166.68597
488,157514.65506
475,22977.02372
395,69387.36336
379,321597.90663
394,103320.336
402,24666.23572
375,42127.66201
387,50130.24408
392,58632.4375
428,354.17088
457,183743.4375
503,153950.11457
536,234846.03744
419,35473.31536
420,68097.46041
530,38649.93489
417,101619.79996
424,135469.31118
426,24226.88688
433,906.38436
444,14931.763
455,2378.2192
465,122.02379
476,5810.616
391,53734.15397
521,206289.70362
459,130970.07196
506,17241.58107
535,51840.1485
422,1808.82324
423,66840.92751
493,16776.04432
555,110359.16199
485,33058.2546
421,16545.19104
429,22832.22375
518,24942.76092
469,1752.54464
486,95669.71722
496,160287.26
543,99744.40742
566,202807.30512
526,53733.68
546,60356.12975
519,43153.76009
552,13017.62875
431,497719.2276
448,12399.53344
565,202534.64
432,237854.799
435,161449.55827
442,371074.50765
480,10804.2956
507,134943.956
509,163531.48644
495,102310.95924
499,44471.81088
505,250902.638
549,126275.71509
494,150620.54364
514,3745.69524
570,14134.45152
454,187118.43696
466,21092.53608
478,66170.58021
563,1514.01817
510,9133.20975
538,3120.54162
477,101604.15468
600,88399.675
599,2988.43209
591,240069.68216
489,15128.3538
512,29127.91175
540,129402.45675
561,491051.6226
468,1981.66857
490,44984.48416
534,2287.54148
574,44169.44364
551,47026.22736
527,43670.16108
559,16178.91898
587,72773.50752
539,214419.8007
550,3.95829
528,153537.99552
524,39455.46612
533,169703.10532
558,763.48454
491,276.42272
567,106823.871
573,269734.36707
498,278361.70992
501,45742.05475
532,313126.5725
492,173409.21339
578,231807.80007
511,207741.62745
500,128651.34667
513,12708.60885
541,184.464
564,129684.03336
589,1329.52428
612,281982.62295
548,5674.06994
581,80480.3195
554,57390.67026
625,4119.72162
522,2626.2208
562,8148.24031
588,26477.34768
531,116708.00295
633,65235.352
560,12999.79296
515,72270.58692
594,55339.20
611,67331.20464
497,203619.0919
504,238257.23369
520,45495.67148
619,159645.18864
621,29226.015
623,81097.91949
584,4762.28403
516,234864.62048
605,10707.43492
646,35904.34624
517,272952.62764
590,4750.71233
617,213268.97592
576,6079.35699
547,56733.88448
615,112373.163
607,15249.024
523,13500.50597
544,235899.08349
545,659.74916
556,3492.6892
537,18416.50573
579,417641.88508
582,103520.30864
598,8150.88771
632,14228.76728
634,421821.07072
568,2497.89876
569,105530.3172
571,82915.33824
622,60258.24
575,18366.06849
525,2599.48633
542,4419.29628
596,118001.15964
577,223845.56096
614,2390.03856
629,84959.42994
610,42469.62496
631,106114.8375
609,47734.56912
603,13404.384
557,360.70398
553,6151.362
620,24128.489
640,384449.3646
683,173297.31804
580,9595.544
583,93616.2486
618,484076.15914
586,114154.5216
642,6079.01112
649,21053.72605
592,44694.45722
606,15902.1632
706,552.84544
695,50941.59532
681,56182.33712
680,6516.31036
572,264218.32983
613,44836.31516
644,74559.52896
660,42944.87596
662,8060.25696
664,56051.65377
689,175110.992
684,141878.65804
597,466130.9632
608,81913.545
711,14349.91572
715,101884.99685
699,54783.55344
677,34779.15
647,125194.62368
656,35042.62608
627,81.83882
648,2055.89398
682,38601.47039
708,211496.78928
678,20311.21575
624,104431.92375
593,80495.68296
636,234112.62224
657,24488.09132
585,143748.696
650,6571.83744
653,136776.39661
669,219992.535
601,44.98445
666,81840.528
690,146583.01952
595,158421.90623
602,205229.6505
604,14567.3185
638,39264.32384
626,39696.78944
654,108924.14736
616,4536.99883
661,27117.25415
725,8091.12906
685,1.84884
639,81153.2288
651,82067.07712
652,6893.09943
724,7219.0755
658,66635.3142
733,5905.09829
736,28015.47
745,581.0616
668,7765.52448
760,21104.45792
630,1441.38547
643,90.94673
765,76829.256
663,88160.07676
703,269909.85553
707,466.9245
637,82554.472
659,210721.39144
628,2912.18697
750,101955.5586
712,19455.1875
761,88169.522
673,15027.60315
688,1877.05357
704,300652.33968
721,120724.59553
692,47617.12704
732,158152.75105
730,179169.08898
741,60069.933
764,32384.961
667,17838.9498
671,292996.60544
672,205101.764
693,8646.75
635,30775.44855
686,14269.3152
731,275722.03008
763,41202.64764
679,64550.87527
700,1352.736
645,584.5203
655,20840.6744
709,154694.74706
749,325340.38656
766,814.716
785,81.984
780,16552.68916
719,20836.26776
727,196083.04149
758,189935.54811
759,95479.72784
770,2232.31757
641,3037.24246
665,25417.2177
691,226013.235
698,2008.8215
723,2.59532
746,24000.06875
773,27.00775
674,5207.28208
739,88673.8944
751,436751.57407
803,203452.55336
676,168624.6058
696,342537.15825
697,6869.43936
713,1101.86496
670,30579.05844
812,258.335
815,29136.0888
675,5637.3821
771,15.372
687,19708.29175
738,319193.49098
767,215715.54074
726,135656.05963
694,10903.18453
744,179221.721
796,679.50645
810,324210.0834
701,13277.83401
720,93250.20712
722,5843.75547
754,69401.19816
833,4111.16027
710,1442.81592
824,326175.59856
714,148329.52211
787,37305.38448
794,184218.96178
717,32314.46757
718,2796.40592
769,227611.27396
841,10225.64655
705,6093.65295
716,11248.2048
735,14451.28125
740,4815.89388
784,1294.8348
788,23538.375
809,161411.73888
728,6803.69417
755,30504.1968
729,88878.9825
837,158.7586
737,5302.72512
782,4439.4336
702,434.37856
753,59521.88704
857,11634.99848
743,211581.7452
845,203294.70
840,395218.817
855,6118.09443
774,53884.21885
847,116018.889
776,430235.03313
790,64419.57277
844,4310.57781
786,7686.00
836,65177.9205
792,33.91234
793,63992.8674
805,10390.618
867,250177.74572
734,6904.53876
886,23482.59172
860,29209.76338
762,19034.07156
778,300994.96448
863,38226.61563
842,8877.42394
756,7271.13961
849,170980.43312
848,10881.0702
828,98142.534
825,51813.21761
817,61658.80
742,253085.86338
748,11021.61725
814,153029.43425
861,149478.0966
768,89491.01868
799,165614.085
835,4340.028
834,153383.89976
747,68792.41572
752,301958.53268
823,69581.46048
830,245239.5078
873,174908.27375
843,93108.40896
868,4250.09326
869,201757.50
781,3440.56104
797,55491.14368
852,6258.97881
884,74656.23165
757,108.21888
889,155000.90179
772,189310.72328
777,76519.83472
839,92836.8882
795,139105.21618
807,37316.67436
813,678.2468
816,14112.87948
819,229691.84
866,47.27744
895,1804.05792
899,2350.74175
902,295.44984
906,1.53636
911,115187.16132
887,10003.22652
775,7607.83338
783,41779.31968
804,4120.10592
798,182683.38438
864,193767.903
876,18719.18895
862,167974.92957
903,3016.4988
916,11024.60625
846,393426.93712
924,7384.43552
791,9236.0954
806,284889.6603
820,53762.77578
821,73189.49092
822,170940.49154
897,30380.196
900,136599.28128
912,16731.11538
914,138676.80708
832,18000.26613
907,108408.41676
921,292277.67408
779,124155.61739
789,144719.36948
865,279428.33884
800,6841.46232
928,182012.6784
801,219549.64206
808,61.79544
811,87651.60516
829,123033.59376
838,100086.13125
859,233161.21073
930,46504.29672
872,98555.42592
802,155872.08
851,472172.27022
882,143025.62274
853,1455.45939
909,8415.06834
913,200.263
818,150713.69796
936,36381.83472
949,15413.99972
856,149.45
880,1938.0249
892,24469.4912
826,226567.908
831,1590.31026
875,26610.10625
905,179654.90823
850,19159.2765
937,139915.26934
952,88327.512
890,114106.6976
943,77817.02656
993,278104.74132
992,50666.112
977,5622.94096
827,104480.4096
885,53079.97716
976,126.49448
945,105671.66274
965,9985.77076
898,156249.00144
994,1529.13824
925,39755.408
964,465366.32576
854,29364.79
904,60414.07365
941,1814.65179
972,0.95046
988,17459.05644
878,74694.256
954,71703.30888
920,11752.33808
923,71580.93068
990,327982.116
982,23064.54591
871,5941.82456
894,16249.59175
901,3490.37913
933,348.46616
971,8971.88915
1009,16861.1625
986,53998.11256
870,283265.72379
879,101470.64886
891,186409.09175
877,147451.2984
881,66635.3142
858,2734.73004
874,6614.79364
919,170879.45616
1018,29883.168
888,17147.35925
896,183101.97248
908,135297.68707
946,14270.95488
929,374233.902
961,3384.28671
1002,18289.21276
922,3187.53792
981,19014.68576
969,73037.90592
935,50732.86064
893,133024.56111
883,29063.64825
934,90740.03211
1016,276347.995
991,64416.366
974,29881.93824
1034,31613.16704
957,7793.604
1012,303094.3356
915,132990.858
910,46348.93277
917,44350.06464
918,3143.42028
926,42080.85
947,207294.76768
956,83391.93856
1037,14331.19604
1004,29.30928
1033,377352.51785
997,3050.41968
963,66361.0948
931,34653.8255
979,10859.08824
1023,74744.67616
1044,51.95736
966,2779.41132
942,6138.125
962,200584.104
1029,242178.3875
1058,132238.59075
944,32.82776
1021,383913.08676
932,620.004
938,27392.904
940,350.71218
995,12320.55552
1067,29904.00987
927,97803.23553
950,14181.524
975,19183.72225
955,8740.01961
958,2206.20225
1032,63853.64832
978,24224.29072
1053,29082.13308
1014,93904.06795
948,35418.4544
951,264387.4688
953,22076.10496
960,48770.64192
1039,44192.9628
1064,4287.02022
1030,266909.10876
970,117324.89412
1084,413201.4096
939,149614.71525
959,262126.27322
996,34928.73664
1066,2952.35059
980,240598.00926
1025,16813.125
1028,155176.80871
1076,217.93226
1011,8882.13375
999,102925.42932
1003,131114.97868
1005,67950.9012
1013,75804.7976
1000,262911.159
968,37764.85356
1031,52396.53804
1017,76296.73576
1054,68967.02029
1080,3810.70172
1015,16738.40
973,170440.8503
983,10828.61325
984,28002.71551
985,116357.50
1026,105850.84475
1089,19083.72312
1109,150237.87051
1122,253572.90385
967,28762.10512
1019,19.45839
1094,4517.66
1102,79334.27712
987,207468.625
989,141.43948
998,2446.31289
1038,216461.89404
1071,22351.88718
1063,341088.34725
1061,144706.2008
1007,13016.54844
1027,11148.67537
1103,144761.72788
1041,67805.73828
1042,34784.51312
1114,218036.34125
1048,66836.4312
1104,204885.12128
1001,53995.07232
1006,47634.412
1008,243225.46836
1010,273954.67281
1022,161665.88928
1062,219275.70021
1093,245615.23364
1096,247167.05412
1097,4967.13728
1135,27570.14316
1145,364041.20704
1142,15839.46252
1120,387715.32534
1046,253234.06227
1119,9.35984
1050,383847.44832
1052,7381.6344
1024,12662.99244
1056,395259.00624
1059,146320.944
1036,1519.02261
1077,14551.61344
1081,18681.25
1051,10611.09945
1095,377102.96624
1083,13471.69201
1087,3103.009
1088,64302.23744
1115,249891.075
1073,63135.64782
1074,580.72
1065,7088.7124
1068,56819.5236
1147,251787.07456
1137,8782.33104
1129,12031.15627
1020,185113.31328
1047,188890.05996
1049,96191.67348
1055,261253.35712
1057,112075.40736
1070,132734.60676
1075,145422.7922
1092,54211.92
1121,14850.1206
1118,120305.57616
1035,59252.71905
1040,43143.15768
1043,101107.83123
1072,180013.19539
1091,162713.84976
1191,4099.27686
1166,126010.6463
1151,175771.134
1185,131726.82698
1149,150.304
1101,73984.39412
1117,52948.854
1045,109240.96428
1116,22549.76325
1078,124.23565
1079,136984.25167
1082,19885.7316
1060,118.00572
1098,457214.19975
1100,204957.88635
1188,32300.415
1107,12948.1772
1192,31538.99714
1200,3926.12409
1202,637.92092
1204,564.7075
1108,121613.6565
1124,320.8478
1134,658.23758
1153,87857.1288
1148,106353.64152
1183,57651.01216
1197,17257.19219
1085,162366.75
1175,96453.99666
1230,741.44707
1210,47160.442
1090,200854.24128
1105,59761.31875
1194,451.9368
1198,131053.132
1216,24768.04533
1219,24474.13696
1069,51425.8304
1099,1560.78321
1125,159185.60
1130,226116.69283
1132,161589.98576
1138,184821.15988
1154,145859.46375
1170,832.97025
1176,225958.70283
1182,51852.91153
1186,199951.29
1086,6856.45856
1110,41040.43461
1111,49047.74784
1112,219481.416
1126,301.90608
1140,408990.57899
1157,92881.69758
1162,18372.06784
1167,24951.39486
1168,339054.94336
1171,350073.86624
1242,22907.42272
1241,68806.98496
1227,1547.76825
1218,60358.11957
1113,223942.71627
1106,19656.48384
1158,147704.51367
1127,113691.312
1131,9151.78425
1136,3258.5651
1172,161.52129
1181,5529.61584
1184,3701.06947
1187,8184.0528
1146,4058.5496
1163,2755.7726
1221,214475.9085
1226,932.71745
1228,3833.606
1229,24998.56128
1252,363650.94612
1248,172394.05932
1240,24700.30605
1238,111728.11545
1144,43450.95636
1156,208304.264
1159,183919.8312
1161,13194.24876
1164,20204.26506
1150,63482.05584
1205,10505.80125
1236,133586.62975
1139,260436.267
1123,117075.2016
1179,15568.847
1249,101043.15354
1243,106916.3592
1215,218036.448
1133,101395.97083
1193,39982.572
1203,11292.77933
1209,5807.20
1235,53879.51331
1141,243884.19699
1143,311.283
1128,371872.86528
1152,180342.84366
1247,271215.882
1155,25761.44375
1211,108906.80262
1233,133531.50832
1195,8782.22856
1199,20010.65472
1201,87668.36064
1223,213843.92715
1234,196231.266
1174,102779.00675
1224,8821.92675
1237,1481.35267
1279,3984.4224
1196,3552.46493
1285,132504.25734
1266,6569.97572
1263,862.25391
1160,54788.13088
1244,195416.55
1257,46852.69456
1190,143393.63696
1214,22269.08761
1208,28.182
1232,22386.0728
1254,34812.6695
1256,218086.407
1276,306174.99542
1280,124663.76874
1300,203211.008
1165,22884.53125
1189,1.15717
1217,44980.3935
1180,431472.825
1294,298339.16112
1292,150635.1385
1283,24783.66072
1269,54406.73448
1264,102922.43605
1262,20032.94412
1173,61389.58504
1178,436705.14636
1213,16745.96644
1321,111856.2368
1277,3936.58559
1169,355753.769
1177,215992.45024
1225,31790.09876
1261,76453.26969
1291,182863.0062
1275,3648.56128
1239,76494.73993
1304,79856.89096
1299,282956.85761
1281,34854.729
1271,45884.76669
1251,56641.977
1253,29197.86716
1258,53434.77573
1322,146780.26363
1311,47757.61431
1296,17223.31828
1314,15846.80692
1305,76366.71252
1290,2817.80716
1220,44778.56768
1273,5.05141
1346,523.60448
1356,35366.0615
1246,2871.68175
1250,232699.9696
1319,1232.68068
1320,12948.348
1289,106883.4375
1297,95669.79408
1336,446215.00
1207,4582.137
1212,427128.16832
1222,29.10432
1245,12313.71925
1206,400452.4706
1231,74598.88128
1315,272776.14
1265,1870.31124
1284,666.3762
1278,208701.08364
1345,10.11136
1348,266215.0715
1353,6540.359
1379,237944.7252
1330,47898.60544
1313,30473.76451
1360,96515.28824
1362,35543.54832
1260,3509.97843
1267,294379.29549
1268,9705.97047
1317,856.02825
1326,43491.28224
1343,7356.45421
1344,208560.19072
1372,6571.28661
1382,16732.22985
1394,3388.245
1399,234531.82095
1396,198841.35474
1387,66762.94023
1255,292341.82656
1324,42864.822
1272,60710.80449
1274,24324.23007
1288,99724.96184
1329,121522.492
1334,63420.84112
1337,538.55802
1359,2210.78396
1363,407166.81075
1366,15757.3248
1259,10085.3984
1338,105973.53039
1298,2927.44368
1333,196536.89125
1367,236478.87263
1391,35163.75744
1390,10249.99836
1282,26514.3088
1401,8784.88023
1400,138374.97786
1316,2786.175
1434,12471.76476
1430,189.74172
1416,1122.19016
1270,248565.4535
1295,88656.81867
1318,46736.41819
1327,5428.89081
1339,16947.63
1350,197673.80864
1351,9703.575
1373,134591.0405
1377,20225.56382
1381,95255.16
1407,338.9526
1408,296142.5194
1287,424.31844
1301,7208.57984
1303,5356.288
1307,322986.43377
1308,1792.99008
1309,23898.00721
1310,118225.625
1312,121143.743
1328,90272.07
1406,73667.54304
1388,12794.201
1413,9094.19903
1448,290546.88936
1469,11994.43
1437,9095.30496
1429,101055.1864
1426,10041.63944
1421,71116.6365
1419,25296.31692
1293,1136.91312
1323,109251.99369
1341,2390.03856
1349,14921.4296
1378,247058.784
1380,721.40796
1383,75226.725
1402,22901.39775
1409,63789.59832
1410,4430.44525
1286,114855.741
1302,15305.83208
1306,29109.9991
1331,23561.01027
1332,142529.5683
1335,18196.62208
1368,155136.08145
1369,107711.604
1371,73671.34761
1395,18176.63848
1452,101.46801
1455,38034.23078
1325,9540.888
1375,251025.36634
1376,9469.39112
1404,168390.14864
1436,107943.00384
1427,477934.88288
1340,77710.95976
1342,16531.25376
1347,147.21252
1374,305719.83904
1384,76098.88104
1411,341895.41568
1361,47846.96406
1365,230618.5154
1446,342686.83456
1385,23058.00
1386,395011.10712
1397,1247.42072
1456,124349.68035
1458,216745.95152
1484,135279.09549
1418,11344.536
1417,254240.39025
1352,53816.91084
1355,33096.37716
1357,70643.25576
1392,212237.25425
1393,1207.58589
1425,203200.20063
1354,142303.45472
1358,1375.68725
1364,1576.36017
1370,182.96523
1405,376.65243
1441,57375.68256
1389,78226.40
1459,3741.2032
1479,13996.8465
1424,110671.88825
1439,274511.14348
1461,166853.8368
1462,28724.29
1470,154981.84905
1475,3461.79148
1493,884.26576
1495,9813.75381
1497,8286.35346
1506,11392.5735
1445,55928.81868
1398,130771.07288
1431,4157.81856
1466,31673.2374
1471,137268.8856
1488,85930.761
1501,62269.1538
1449,293386.30272
1487,223430.67922
1412,10389.01248
1403,218926.79424
1432,2796.31625
1433,164733.57684
1438,17148.38832
1499,1.5624
1514,50126.90067
1415,15241.71376
1450,17296.62564
1519,139137.95
1489,349032.17412
1481,132387.21664
1482,12221.81604
1423,42947.4038
1428,90510.336
1440,256780.19052
1443,1880.5934
1444,148928.13341
1464,322207.16731
1476,198724.45068
1477,108735.99408
1510,4565.911
1511,42327.229
1512,2257.83936
1414,49678.58056
1447,66358.92564
1559,77707.168
1557,177.08544
1550,8489.187
1524,194593.84056
1420,12409.28612
1435,3.82592
1494,16006.095
1505,6375.07584
1507,153604.57336
1579,149687.54864
1564,221548.91584
1545,7990.98048
1537,126611.93916
1525,5743.17135
1517,351399.66708
1454,7440.048
1480,143419.63272
1422,147446.7295
1472,64594.2115
1491,33865.13088
1504,158423.04205
1575,154437.97488
1574,1657.80188
1572,19184.256
1562,303579.51008
1528,46022.44003
1523,18482.42172
1486,17032.0906
1478,5020.03404
1483,204642.63225
1442,205739.86853
1465,3810.75296
1467,20925.82674
1474,8632.232
1500,54.60903
1502,32255.25975
1503,29017.87812
1555,459861.59548
1539,62130.63927
1451,27645.34213
1587,108529.3944
1585,80311.014
1577,81861.98475
1556,43309.34608
1544,128092.4848
1541,30112.80006
1532,172836.95226
1526,337.56058
1453,21964.11567
1468,353083.01637
1457,36557.50252
1496,128428.4911
1508,84215.14332
1520,13359.95465
1566,131729.09008
1571,134422.34988
1586,156721.53245
1591,34784.51312
1594,7675.29511
1595,77425.14304
1463,189363.825
1485,73615.61984
1547,78596.7798
1561,27001.01194
1563,32686.2522
1582,90470.625
1592,71140.99258
1602,66893.75595
1612,327783.76596
1610,215683.84026
1606,10580.65008
1604,198597.08512
1460,47854.24441
1473,11489.716
1490,9792.96318
1527,259.7868
1534,1220.99796
1536,7950.0568
1548,59194.0706
1570,6576.33375
1634,17930.80604
1620,35.04816
1522,40773.376
1584,11886.15134
1645,52683.84072
1533,5037.09696
1535,129631.46112
1549,198054.07776
1599,13454.343
1600,107162.055
1638,118133.14107
1513,95055.85775
1509,329062.32352
1543,36921.85308
1580,9558.46332
1589,88778.83392
1597,177757.965
1492,136563.79331
1498,322503.71454
1515,159.8688
1646,38871.945
1529,15625.36899
1553,1407.49021
1590,70384.90368
1658,38817.92096
1623,72621.24786
1624,282820.31582
1626,144597.33288
1518,2225.88268
1530,2924.096
1531,14306.82288
1551,37204.54416
1567,48620.782
1569,277699.48416
1588,126584.15
1663,323088.21776
1652,1849.764
1653,37237.29079
1662,4203.49475
1542,57637.34816
1516,5857.54757
1616,70050.204
1625,5053.7158
1643,35917.67718
1576,67890.9504
1596,14603.69036
1693,160478.92322
1540,47079.75608
1605,4426.87553
1655,82263.4288
1640,1141.21728
1650,1600.6095
1521,298.83168
1538,44.51475
1546,57769.12036
1552,23756.04252
1560,13049.93984
1568,42357.58016
1607,100482.49827
1673,300.67632
1615,62602.12413
1639,12343.73308
1644,4042.42608
1651,200.15625
1554,20517.35
1666,3320.89856
1614,2782.759
1672,1862.09576
1619,34093.25136
1706,70176.78815
1611,4409.23616
1565,2344.51609
1631,799.344
1578,21808.71756
1598,8990.912
1622,79045.15969
1691,19355.88865
1703,4918.2714
1694,29527.6905
1558,76377.81879
1633,582.77814
1573,214.58885
1654,25568.4184
1593,126395.21104
1689,9969.52768
1661,294348.62835
1665,12158.02224
1697,21559.26843
1724,111696.64128
1581,16097.84022
1621,1499.69232
1608,9240.41664
1683,14079.52224
1630,85118.06044
1664,149963.0832
1642,379333.99
1667,100759.30956
1674,11577.84026
1679,80453.632
1709,135157.34925
1719,40181.3405
1637,24304.57526
1656,226868.92592
1660,21.78981
1717,67552.62976
1678,1863.855
1695,18015.01044
1583,17306.15628
1657,40960.32941
1684,318577.37268
1687,10146.374
1688,4782.40
1731,95247.37152
1648,58266.3704
1700,24028.43436
1735,1169.24983
1716,2144.97045
1701,42610.53069
1601,29527.88692
1609,361959.29168
1613,94005.00648
1647,152737.90
1714,33565.616
1718,419.75808
1729,117542.425
1730,52902.9515
1669,104488.66351
1749,97142.43595
1603,671.68808
1636,69529.11028
1733,193005.97274
1617,22711.99336
1739,170998.128
1682,20504.54
1685,49928.50366
1758,35355.60
1754,7476.9408
1628,63437.65638
1641,26848.11605
1649,951.83424
1715,45187.08712
1767,1046.15
1668,316305.5021
1670,11900.87857
1753,27201.40304
1632,129565.60064
1635,2922.815
1681,14929.9696
1761,190644.2272
1741,167053.59594
1618,68762.4147
1760,269892.07525
1676,75571.86483
1677,235861.78077
1627,34513.35104
1629,7545.67072
1702,227941.77196
1680,1033.20336
1692,60773.50944
1686,92022.78708
1752,7053.83504
1707,3931.82454
1708,815.997
1780,219481.416
1778,2074.68625
1789,83890.7685
1671,2814.98042
1713,20305.131
1806,13390.72
1743,328832.3584
1698,16070.572
1812,40161.16902
1785,3655.66656
1781,175336.875
1659,7432.75484
1675,14306.98941
1799,168965.67632
1720,141791.60128
1817,11460.53909
1704,105.35798
1759,171730.2195
1763,180893.41746
1803,129523.7888
1699,32875.63524
1788,140902.06634
1696,11412.26674
1712,31579.77564
1807,157979.04318
1748,771.45236
1725,4985.11398
1738,31267.35682
1690,9739.6992
1721,7942.25124
1751,735.73808
1728,184689.85311
1764,4826.26144
1775,101238.54447
1833,387.83556
1794,42.70
1705,234864.62048
1792,7.6006
1710,261953.21012
1723,6596.9365
1742,9979.36576
1711,69027.112
1750,169102.38464
1796,2712.37232
1839,19390.85568
1746,144797.21585
1757,2.95554
1769,295138.45025
1783,272569.3866
1827,39085.55175
1732,122399.55
1815,116740.46349
1770,76558.09392
1832,160133.81328
1802,44012.99511
1816,49277.71296
1847,85114.14912
1860,39291.72016
1726,121428.552
1736,1846.5615
1762,85984.74234
1765,14563.0912
1829,246434.3392
1727,143802.29304
1784,116972.58496
1786,257203.93678
1722,4390.32006
1745,191222.82928
1797,36082.55042
1801,796.88448
1826,58403.21536
1841,92.34729
1755,73274.01984
1834,84044.71054
1734,2268.20692
1740,91760.592
1771,27669.60
1828,635.0344
1889,84086.49249
1744,29063.87456
1808,2327.01336
1864,355530.80668
1793,9857.48715
1756,495.747
1772,21190.40875
1776,69963.3095
1822,35006.46345
1747,269284.69764
1894,99400.15148
1768,2159.44148
1787,37288.98341
1851,63537.60
1798,13332.17403
1800,245338.33695
1819,15782.0481
1737,53293.2295
1791,249766.10064
1842,1382.1136
1843,58606.62108
1773,24349.248
1766,11741.32575
1831,106729.7175
1805,139143.928
1890,5056.46141
1840,9520.80192
1837,300278.356
1824,94286.26284
1861,41761.40276
1866,138659.76124
1879,1136.8448
1913,93189.98304
1855,7234.34075
1774,163886.6565
1795,27460.6689
1818,38383.26912
1823,10748.39703
1907,219143.232
1804,11227.09392
1844,308.85764
1908,2262.63457
1777,179110.12455
1810,51980.96456
1849,9759.32412
1878,15103.04551
1885,236259.16832
1918,114261.76692
1858,73195.3152
1790,6067.08928
1825,26008.00636
1868,24099.52986
1883,432.3375
1902,106822.26975
1779,16085.60667
1782,52971.97178
1852,6430.47482
1856,10605.3136
1809,66623.93038
1830,34946.24364
1836,17570.196
1896,1343.53842
1925,2606.27136
1941,211362.54048
1934,134593.816
1814,152404.1568
1848,226070.54694
1872,157.563
1875,76076.028
1881,206473.49723
1911,7792.48953
1944,117154.99936
1954,78.97792
1936,92984.11353
1904,11364.41712
1886,87637.053
1835,59877.83424
1857,37973.57116
1876,118847.50353
1877,26134.08238
1811,292622.27589
1813,56497.8645
1821,12808.45426
1931,20238.092
1871,21510.34704
1884,2756.30208
1853,4177.90464
1859,19977.4512
1888,25.21008
1893,160463.04309
1961,11040.512
1820,186258.90304
1865,67285.1655
1891,96979.31768
1956,93149.40096
1887,144189.68025
1924,16648.60617
1932,16527.9744
1950,2234.16648
1952,43047.39439
1969,52590.07152
1915,18723.80909
1948,159917.41822
1942,8236.4884
1971,29186.304
1845,170554.048
1850,133096.77108
1870,101910.04894
1880,103988.77461
1921,22056.15125
1928,69057.82611
1854,32851.80864
1912,273872.20203
1977,33249.70432
1974,171691.94749
1962,91271.25
1838,236133.42536
1862,103267.86624
1874,160621.24659
1882,1915.48784
1929,74046.2408
1984,300196.63674
1909,28931.85043
1940,105530.3172
1975,1245.132
1892,34047.78867
1846,179990.4064
1967,152297.236
1988,48054.06333
1951,26400.2144
1863,103906.06044
1898,43961.18293
1992,175464.25764
1910,433150.2945
1927,185691.625
1923,255705.11127
1930,224075.18875
1978,16972.7376
1987,83171.58948
2007,38074.83848
2004,167130.22963
1867,29271.15744
1869,192019.88883
1917,22322.8768
2027,4900.33313
1899,379.07352
1897,259.7868
1926,113252.43286
1943,183142.96875
1873,60284.64568
1960,162.89196
1970,3726.54856
1989,125512.90948
1914,34863.696
2014,54601.344
2024,50374.29166
1955,49010.24016
1968,71.01864
1903,3404.33436
1966,166066.03461
1990,85224.52008
1991,8793.8942
1999,58273.06576
1916,2235.61828
1939,3279.36
2012,98304.2816
1895,251328.85659
1900,79762.9595
1901,348869.89277
1980,229261.851
1981,148913.36775
2016,36530.63568
1905,36043.65072
1906,198833.98899
1998,103778.33193
2029,173023.50856
2041,3171.08988
2059,239864.58125
1919,2295.2958
1920,9380.47264
1949,68127.58953
2015,68613.25933
2032,2224.74259
2043,113902.30124
2060,222341.70112
2018,109589.26818
1922,200205.23971
1933,3254.29083
1935,70726.9563
2005,17326.01178
2045,3576.21894
2035,19.67616
2042,78.70464
1993,46506.17125
1994,151.06406
1996,186711.62125
2026,12174.624
1957,157355.30293
1964,286596.849
1937,22136.534
2055,183983.16384
1938,14961.96044
1985,85461.32574
1976,302082.48224
1945,5444.78375
1959,70434.00441
1958,1461.30075
2006,1162.35378
2044,70870.93216
2066,490966.308
1965,24634.57367
1946,65343.43424
2061,29171.59812
2092,19155.84769
2028,156688.077
1953,268903.35248
1963,3413.2245
2031,232371.29916
1947,86447.10648
2000,458314.84776
2021,270951.17616
2023,13509.60534
2047,104944.96425
2097,375295.06532
2011,60432.25104
2081,13979.91168
1986,9799.65
2030,174074.47512
2070,1652.45584
2003,371.49427
2057,29491.28448
2048,295042.63572
2036,2782.759
1973,6108.4485
1982,69477.13584
2001,28681.62416
2119,39461.632
2013,168321.692
2078,8760.60955
2008,19772.69616
2039,482133.71052
2067,93627.91424
2038,26070.912
1997,53292.8025
2009,9287.14752
2094,186541.38062
2099,70784.02485
2098,43305.58848
2082,42080.423
2079,12037.52284
2063,160601.60032
1979,44213.288
2020,83001.8826
2022,584.136
2118,82402.51551
2121,1442.81592
1972,19834.84174
1983,28949.16528
1995,12311.45188
2010,170726.983
2108,123667.3984
2096,15303.68
2025,42780.276
2054,92139.768
2056,1547.17472
2062,16872.3072
2065,31583.70404
2068,295707.89745
2071,73756.08576
2136,73021.41945
2146,7643.92342
2113,252.98896
2091,16997.69575
2017,105351.07968
2033,254.69696
2064,109326.20629
2089,36280.482
2090,49901.355
2131,190107.65046
2150,13418.92762
2002,2099.74688
2019,2178.981
2049,27800.22784
2051,1956.12543
2115,155581.85664
2117,23380.19712
2106,136.64
2102,17811.7072
2073,20004.096
2058,9174.82944
2072,84177.072
2109,4756.40424
2130,18238.96767
2144,39.48896
2101,1858.304
2156,29687.05971
2161,239504.77824
2142,140558.08368
2123,931.33824
2107,362603.38275
2080,136724.83209
2145,89443.76259
2154,6600.0536
2160,43563.35984
2166,66899.04221
2034,2806.95282
2037,304067.46006
2046,307269.33664
2133,66497.11992
2050,127249.30925
2114,37367.64108
2040,38066.9219
2053,3258.864
2083,3935.232
2086,123039.7938
2128,1413.22482
2129,52203.82013
2132,11932.39971
2103,22910.4288
2155,361.54944
2165,22681.83008
2174,124323.71875
2176,19819.01285
2104,29173.18656
2206,80187.184
2116,26656.04718
2052,953.3202
2069,98082.16047
2075,200556.5625
2076,12075.14581
2077,66586.52091
2088,39591.54675
2111,1479.74288
2125,223557.16943
2126,181202.7448
2149,172114.54939
2159,216202.056
2179,409100.56992
2093,3149.125
2105,354.17088
2184,122966.14484
2147,95500.36475
2074,493.59492
2120,409.69796
2122,114414.9916
2112,11058.00192
2124,139172.75904
2152,25510.96128
2181,107460.528
2137,294698.2346
2084,9047.31016
2085,943.243
2087,66867.16666
2100,854.00
2110,1011.95584
2177,3230.0415
2229,383.78333
2213,1227.5823
2095,193517.39491
2190,237250.73064
2244,108971.01915
2134,17.08
2221,15064.56
2218,9961.056
2143,372495.30318
2153,23808.1536
2175,67241.50048
2242,243609.72993
2135,6161.17019
2198,47261.91855
2140,31941.5215
2209,4038.03225
2246,59576.321
2180,353160.35888
2178,22343.39415
2199,161957.0008
2202,289486.92591
2235,997.14321
2151,29828.5974
2188,1768.80053
2200,92696.576
2234,28827.31229
2236,1119.11576
2168,907.46467
2194,134160.37684
2162,47527.35456
2138,9742.005
2228,51413.73776
2231,32570.82556
2233,8936.93493
2127,79083.54272
2193,10717.7427
2207,3043.41688
2164,434.37856
2139,155465.48633
2248,266728.72688
2227,97774.52832
2219,550.96664
2226,20543.83254
2186,25227.69802
2195,29133.1852
2230,125483.51907
2223,24329.47363
2216,123133.563
2141,57676.10268
2148,2555.168
2157,7644.34188
2211,29693.63124
2197,29219.0976
2204,223719.85216
2237,35215.544
2222,1887.06672
2167,28511.02912
2169,379333.99
2210,237116.39644
2196,155715.19166
2183,234402.09408
2158,2182.20912
2172,25814.95966
2182,44891.15904
2201,126692.9496
2232,891.576
2240,62124.19584
2189,25690.33117
2217,28778.34393
2163,475032.44432
2249,65727.17487
2205,10565.82464
2239,8978.84925
2170,122047.83864
2171,89367.99144
2173,105882.86121
2191,493.59492
2192,222891.54048
2208,159041.30816
2215,130440.02832
2220,99760.864
2185,38083.20768
2203,16899.71633
2224,50598.71432
2225,77773.30176
2187,32995.998
2241,396783.79335
2212,1690.92
2214,28132.6815
2243,98823.92352
2238,38928.47553
2245,145.18
2247,6341.57342
2259,4316.20567
2254,77.12901
2258,202404.2769
2253,169613.95626
2256,188888.55265
2251,4946.368
2262,12198.33531
2252,7762.433
2257,193193.56665
2250,61108.35003
2255,141245.31456
2265,23953.92286
2263,7265.75941
2268,160641.08928
2261,20590.96907
2260,4426.87553
2264,79362.647
2270,9866.56944
2267,12948.348
2277,11784.79008
2273,2540.06928
2269,29266.25548
2271,150847.69056
2266,296859.98188
2278,38445.74776
2272,303967.8495
2275,244.87596
2274,17183.82078
2276,88943.62176
2279,18387.1324
2282,19907.05598
2280,368957.51424
2283,239724.49536
2281,3183.16544
2284,65324.64624
2286,130373.93299
2289,44603.66848
2288,24391.094
2285,6249.64032
2291,29610.63952
2290,14538.496
2287,35424.64163
2296,65621.22336
2295,190399.47507
2292,10328.49804
2299,40855.89375
2293,196.7616
2294,275128.19264
2298,241628.01012
2301,53433.1574
2304,71582.75824
2300,109995.20
2297,29050.65891
2303,157922.6621
2306,129819.956
2302,955.4125
2305,5114.92625
2307,86488.79876
2308,17905.71552
2312,117492.91008
2315,19458.18504
2310,42780.276
2313,15147.14607
2314,91659.49975
2309,323320.60824
2311,71370.061
2316,31070.50128
2320,354.01716
2317,36162.98868
2323,27422.93918
2319,12795.97305
2324,86313.88675
2325,426.38512
2318,2161.76436
2321,283.13943
2322,9223.20
2330,2746.89954
2333,180332.02775
2329,61918.68928
2331,6296.22175
2327,27004.43648
2326,55893.97548
2328,2510.76
2332,267.54966
2339,3718.02564
2336,11065.54701
2334,3525.10704
2337,57.45712
2335,383356.29584
2341,3720.024
2340,258133.56275
2338,153627.54596
2343,10848.63528
2349,48746.9178
2342,121347.49032
2345,4310.62051
2344,3392.45522
2347,108130.55932
2346,10762.43679
2348,9350.07024
2350,2622.31375
2351,77241.64833
2352,40576.6144
2354,1394.82112
2355,53878.04016
2356,11943.97568
2353,11566.95176
2358,100093.61229
2361,4874.92236
2357,117387.424
2359,4067.4312
2364,69931.48946
2360,181920.7026
2363,156242.27619
2367,26306.61173
2362,344831.6214
2371,359.03868
2369,3212.88891
2365,258.40332
2370,58362.72295
2373,18329.38492
2366,4595.39962
2368,291512.62672
2376,4305.014
2380,46.116
2379,42166.25
2372,22438.66212
2377,8332.17056
2374,6787.165
2382,2744.47845
2381,5892.39504
2375,166430.60721
2388,123039.58457
2383,158463.116
2378,75662.9055
2384,58329.97632
2387,45967.20758
2392,32451.25275
2393,2091.82176
2389,32560.04381
2385,69768.8964
2386,132415.75305
2391,20202.49728
2390,234805.3785
2400,21140.38997
2396,3676.40595
2394,51249.63312
2397,224.42693
2398,39845.7612
2395,12790.2726
2399,157319.20008
2405,20868.81797
2403,61712.65324
2406,247706.56008
2407,424215.75931
2408,1001.21252
2401,30071.475
2402,56842.46631
2404,201272.82084
2409,24800.16
2640,3928.40
2418,70142.436
2638,65017.7528
3080,57225.8995
2729,226406.46784
2723,4941.70089
2709,32912.71592
2691,2050.87246
2684,81570.82626
2650,103290.83884
2626,94693.9112
2609,587.979
2606,367008.08844
2604,16606.93097
2526,83383.74016
2519,32713.64425
2443,379620.21664
2499,1255.38
2421,11296.5412
2419,2829.28492
2783,130393.91232
2794,5168.81792
2839,3342.98727
2854,19977.04128
2911,277464.60
2965,149415.84
2988,337920.7545
2991,2325.015
3232,11935.077
3255,12375.34816
3128,182103.3305
3038,352254.3332
2717,91442.49408
3059,6668.81768
3094,7196.63238
3103,177317.5572
3108,44601.09367
3119,830.43387
3180,388535.84
3176,22168.4736
3156,100071.23322
3154,146643.34608
3142,394222.7968
3075,19379.57434
2689,210502.46
2593,76147.8921
2581,8733.48224
2567,219997.56933
2565,93015.66456
2700,14498.02921
2529,1723.7136
2527,15348.32712
2525,2863.42784
2508,43701.9555
2501,146.73428
2482,148501.206
2479,12946.10625
2475,110723.93101
2472,75.53203
2459,71.78724
2454,63705.87216
2452,505.29472
2446,77641.64912
2777,68363.28926
2773,102094.58126
2793,13342.48181
2825,231167.27872
2827,5648.38589
2846,205735.99137
2918,159.698
2928,51229.95696
2935,201806.15238
2942,1750.47796
2970,86342.96118
2971,74798.05116
2983,15186.69054
3019,130442.76112
3233,879.97014
3298,719.20464
3343,14249.844
2715,171347.10656
2718,3225.89106
2803,120.01689
3134,12039.38029
2413,34710.9154
3063,18047.68875
3065,138708.11472
3071,54313.23856
3104,789.16005
3106,165407.09248
3115,33.20352
3120,11384.00361
3124,408.46393
3125,33345.07904
3189,66858.08864
3155,163558.8913
3144,33486.72775
2810,5190.91944
2750,624.28254
2740,301970.80893
2734,162428.17822
2728,409649.50404
2710,160527.95136
2697,55871.94228
2694,4678.58349
2686,29758.36444
2676,8324.17712
2669,133371.15274
2665,6524.96992
2653,45759.3696
2651,4491.42512
2645,88935.43617
2630,20186.62569
2620,299764.56825
2618,131547.97803
2582,118325.116
2575,54784.45014
2573,907.46467
2772,1701.87682
2571,177863.6475
2570,8964.9504
2568,2134.36377
2557,3202.50
2524,29.51424
2523,62950.2615
2518,81917.388
2514,301082.20912
2505,48211.51104
2484,110888.55232
2477,13134.41325
2455,14411.25
2450,188035.05224
3169,75726.5285
3167,1422.90918
3165,6736.79608
3084,12041.11818
2763,295701.82978
2730,48378.91212
2688,149445.27311
2624,10922.92047
2596,2554.41648
2549,152349.02256
2545,71703.30888
2534,3394.54752
2496,20392.77702
2492,252989.6432
2489,7856.80
2488,325080.43323
2480,181076.84812
2434,1847.09525
2778,2407.2552
2779,104779.94156
2786,169637.0655
2829,105111.47717
2840,179214.99575
2853,35029.90575
2857,109552.24728
2859,228.96167
2860,11458.32723
2869,18834.543
2871,2165.98739
2873,10062.71616
2875,23186.41598
2879,132064.47296
2881,143443.22874
2890,3382.42926
2895,115105.536
2897,214128.91122
2898,32151.33222
2901,56955.75795
2908,118402.71044
2910,105779.03616
2912,99408.52068
2915,38387.02672
2916,62963.712
2934,120751.86375
2939,14127.17544
2944,326865.25053
2948,7357.31675
2899,94703.54432
2993,113163.13008
3002,331282.93275
3004,2151.19184
3005,118229.17764
3008,27501.25525
3193,68713.6086
3201,75753.83088
3217,270039.1554
3230,38783.556
3235,1042.03372
3242,50134.85568
3264,255177.65952
3271,82405.29528
3272,179852.827
3277,3245.39642
3278,1464.3965
3287,308118.14432
3310,2770.65782
3318,3838.11939
3323,217224.8064
3327,201605.38125
3313,307214.48849
3328,114685.53453
3334,87067.96875
3337,242726.03208
3360,11691.34113
3365,127971.02892
3381,119286.47234
3254,14003.82368
3386,46393.61832
3388,901.824
3389,4572.24768
3405,33121.41644
3049,286836.71625
3041,1493.88512
3095,36272.34765
3113,473013.19548
2796,24083.61984
2420,68216.666
2425,32168.80933
2429,38628.25183
2483,180396.2272
2538,190339.07165
2554,41087.66508
2566,36964.84344
2602,31349.2298
2656,25.193
2687,1356.4936
2702,71818.52202
2731,81862.20252
2751,64282.39475
2816,253807.70688
3076,452937.79902
3146,407435.18452
3168,3904.76128
2769,44098.37376
2771,8033.51822
2785,116128.201
2849,1357.19388
2855,120718.95059
2861,36898.24425
2892,23794.47252
2903,90258.08575
2974,121365.47556
2981,348.15872
3009,99828.85094
3236,138369.31584
3241,49830.66088
3261,360444.61593
3262,200633.19192
3268,140119.623
3309,32143.04415
3353,539.0875
2465,90928.26652
3066,147974.56128
3033,34035.6576
3102,18590.1282
2437,277077.97712
2417,1916.803
2822,38694.44964
2868,3520.188
2885,35386.65144
2556,2044.476
2936,2359.49525
2577,69379.19058
2946,159982.1685
2967,324994.824
2607,11246.56512
2612,39986.49186
2619,239887.746
3001,2184.05376
3007,30.12912
2646,325063.26783
2659,45207.07072
2698,31433.87828
3243,133788.59648
2733,190567.538
3302,60556.30308
3317,676.52172
3325,270942.17927
3145,27821.62908
3151,112.86464
3157,116020.71656
3170,152755.98345
3348,34296.31548
3374,159094.66608
3393,47.824
3409,353241.0875
3043,12441.63564
3062,53525.76089
3114,165.85107
2720,24255.17136
3030,31923.47648
3031,117857.82855
2415,975.62668
2422,15166.42512
2426,79410.36852
2442,240255.393
2473,24738.65919
2478,91730.38175
2485,26408.242
2490,21521.89312
2509,276007.59914
2543,106898.39104
2547,176364.237
2552,14005.173
2572,46268.76352
2617,223911.01152
2627,98680.24656
2641,292260.15
2699,157078.64536
2708,15884.53237
2739,44465.76883
2757,20663.13634
2804,73116.18783
3078,106715.7546
3141,215422.90056
3190,139130.264
2770,49426.51392
2841,307824.30
2844,399108.97488
2883,366521.80376
2891,30.0608
2906,416477.66531
2909,19443.59872
2922,149214.296
2927,52056.44962
2937,124013.8235
2949,38163.125
2955,12604.2714
2960,22438.24366
2969,12537.7875
2976,14463.5148
2996,5914.72287
2998,175212.191
3016,343473.67173
3022,138172.29804
3207,12506.04432
3209,50370.09425
3213,89398.5134
3222,26430.77052
3234,28241.23771
3238,37899.1536
3249,48406.3426
3250,188603.26968
3273,15027.73552
3275,201166.98462
3284,35230.12605
3288,129.1675
3335,58087.61112
3349,1169.99281
3363,259313.88042
3383,26228.23588
3385,53375.65758
2416,198821.33271
3064,108581.25355
3109,317255.06897
3117,2935.625
2719,118626.27056
3034,247051.25172
2447,77414.62176
2410,292801.48352
2438,382417.64736
2457,9512.8768
2460,5682.20856
2500,21997.332
2522,59516.73315
2531,89128.63232
2533,119537.28787
2535,309901.0572
2559,100349.7824
2587,295.911
2590,232178.688
2603,131953.59387
2608,8070.30
2623,153677.55193
2628,11490.45898
2824,12353.2808
2632,888.5016
2634,117057.6946
2660,8030.14065
2674,284776.6761
2705,213758.72784
2724,467946.96858
2725,184408.62664
2746,9430.41456
2752,356207.36256
2754,368430.65602
2761,49933.78992
2808,132363.71456
2817,24607.583
3148,7189.46305
3188,3080.42924
2834,29499.59817
2836,27802.72579
2845,268958.8881
2856,250052.481
2848,200416.72854
2865,317060.08796
2880,75353.21948
2884,222125.40
2896,49710.92154
2914,27142.72043
2900,130894.288
2924,30958.45648
2931,13610.625
2953,17346.875
2980,6419.42406
2984,11721.25248
2990,398743.21949
3013,102994.85952
3023,12075.3892
3192,236332.08711
3204,177.26905
3211,36776.14787
3239,59428.41674
3247,79165.80
3252,4394.27835
3274,8235.66429
3286,6243.90144
3292,4464.0288
3315,177631.146
3355,40664.064
3361,1122.19016
3368,80105.89601
3380,73715.94776
3400,64574.62074
3407,300314.97552
2411,266.72128
2412,2902.43856
3050,139.88947
3055,305.5185
3096,50560.216
3098,178465.23072
2802,4958.69976
3135,348707.26128
2430,59123.58144
2458,45815.22547
2462,448350.00
2481,546.56
2486,229861.38462
2520,771.62316
2528,140050.24404
3413,1988.26999
2530,55387.34425
2555,4809.3864
2594,387118.60992
2601,381234.51576
2622,3622.75767
2672,38400.72488
2681,77700.44275
2701,344512.88725
2736,55887.14775
2758,3686.41056
2811,210.90384
3089,24186.988
3416,75286.09508
3423,12810.00
2782,10991.6205
2823,315231.2128
2893,124757.38422
2894,301578.21232
2904,33177.69504
2907,542.32416
2923,306966.56375
2950,488.09516
2951,128880.23148
2964,327416.49472
2995,29355.75468
2999,242.31823
3015,55219.35391
3028,75709.0215
3194,27214.85781
3197,178722.09684
3216,167980.15178
3225,28988.59873
3279,53876.725
3280,39952.02442
3281,86778.356
3294,20698.85916
3296,27242.97576
3333,153548.10688
3344,55647.63064
3371,275.46624
3375,365886.94016
3382,70060.452
2423,12007.04785
3412,86760.52448
3057,29600.59221
3061,316531.42353
3092,26656.0728
3097,113.82112
3107,7694.67664
3112,27499.08609
2716,13380.32682
3032,98964.38944
3129,12210.03511
3136,54683.89164
3474,32816.76048
2448,43396.864
2784,4264.67104
2451,48428.32456
2826,9567.01613
2833,191077.376
2858,83494.79432
2495,49922.26092
2882,15032.51792
2902,12924.79895
2941,70686.68166
2954,15316.67788
2578,98.1673
2584,631.93438
2958,12412.91989
2591,4309.23276
2599,138916.31992
2989,14251.44098
2616,1382.56195
3003,108796.54695
2633,66446.34535
3020,69615.41552
2655,164883.79544
3212,19555.04572
3214,104409.22016
2707,17177.74884
2711,85838.84925
3265,176614.01919
2743,1399.68465
3289,2872.856
3301,62660.57616
3307,85860.61344
3326,118366.39836
3338,13716.74304
3091,7870.464
3352,43011.74416
3357,123546.14748
3367,39278.76925
3164,205473.02769
3379,482133.71052
3184,254799.02581
3187,4393.83
3414,853.53884
3401,32140.0765
3408,303318.65151
3070,6594.9723
2722,81220.524
2776,1537.60992
2788,66277.99633
2792,357934.25304
2867,39081.58065
2920,8472.22229
2975,210129.689
3026,946.30032
3191,4990.1355
3227,14947.80966
2440,372766.22614
3259,185764.41569
3295,16813.125
3303,2051.81613
3305,20761.28229
3312,6337.97808
3341,146.034
3354,21824.1408
3358,18.04075
3362,56353.29084
3364,52425.29649
3366,251180.615
3372,79875.43557
3384,229074.77376
3387,89631.54011
3397,98010.79596
2456,50425.77078
2466,7700.44968
2487,5721.60358
2515,101534.32737
2551,22131.04278
2625,9441.50375
2642,285995.44512
2654,235080.80204
2677,123797.2064
2712,57735.95954
2735,15442.74963
2744,66355.39008
2755,142290.918
2814,10677.18624
3143,4664.975
3166,148620.08707
3415,91486.86365
3475,16490.19344
3484,363285.35726
3437,114888.193
3047,9237.4191
3052,125276.88096
3110,339489.39024
3130,1334.64828
3479,1626.56256
3433,11138.35905
3432,23064.832
2781,4958.69976
2843,162670.19328
2850,103499.06112
2886,82691.50057
2978,251723.26368
3196,172049.29525
3210,765.0986
3215,292139.309
3221,233501.25645
3240,24153.96809
3269,90860.77917
3299,6.16588
3304,7104.92986
3340,123165.34461
3359,12616.72272
3390,47846.96406
3391,305224.93323
2510,61550.23525
2537,4722.2784
2553,7829.80506
2532,60563.22048
2580,2909.88544
2597,214251.52
2600,11683.04025
2615,1246.87416
2639,366229.5735
2647,75379.91552
2680,4418.27148
2693,33536.84901
2727,132394.88556
2741,253348.2378
2756,10274.29466
2760,88.85016
2806,143987.06448
2818,1591.19415
2819,113195.10384
3074,136508.34736
3139,104873.60828
3147,150088.82616
3186,31471.40304
3471,1725.507
3122,120299.00463
2721,15.87159
2797,117691.00392
3132,65294.41464
3444,8739.95556
3441,6458.375
3436,56704.5752
3417,302855.45472
2775,188966.0745
2831,136920.112
2877,951.1425
2887,137934.76648
2905,967.47952
2919,85693.70341
2956,208784.10952
2959,26536.58112
2979,142229.95094
2992,121903.45713
3010,13460.79924
3200,29893.57399
3202,54322.12016
3219,313.44362
3246,33802.54976
3258,289100.74284
3297,309593.4464
3300,198197.601
3314,132658.225
3331,37885.7885
3345,148193.84286
3369,93701.83648
3373,49278.32784
2424,2068.14888
2436,70042.12943
2439,3035.86752
2511,17677.18512
2539,3670.31266
2560,6870.16953
2574,50625.84163
2585,259055.48564
2588,49556.766
2611,72753.59224
2629,126327.67245
2643,84087.76068
2663,230880.49271
2670,19281.71875
2745,8936.256
2747,174031.07484
2767,77143.89522
2813,2343.0344
2820,3354.939
3079,99226.87488
3082,16557.48864
3171,16867.8664
3448,11663.79536
3045,1630.81548
3056,48206.592
3060,31123.80369
3100,43191.05
3610,97427.84275
3584,87116.54
3559,115841.4705
3557,21427.78659
3589,214831.19812
3540,221234.92139
3539,458125.08896
2432,20664.24654
2441,10898.81632
2507,1113.94052
2562,66830.1543
2662,27487.83464
2667,243983.103
2673,226759.35772
2683,92813.25375
2695,65908.49615
2815,125118.70308
3085,6149.94436
3087,20438.00486
3137,12666.11808
3160,1175.03568
3163,15051.16928
2835,22610.2905
2862,475807.74822
2863,30714.964
2925,12410.73792
2926,53974.935
2933,4110.1312
2963,15754.30164
2972,1368.82536
2986,234970.66593
3220,139417.04574
3229,1084.76361
3251,3149.91495
3330,4005.19168
3024,2465.59194
3569,2827.21824
3040,23590.94724
3042,21193.28673
3046,70383.31524
3068,28432.0512
3101,324055.424
3636,116604.20352
3578,3884.81184
3555,25626.832
3549,9060.6838
2800,11469.83488
3029,25615.1322
3036,75367.635
3538,168509.24748
3531,851.47216
3518,27010.739
2435,233097.70302
2467,61887.72324
2474,5817.5334
2476,264.53504
2502,80797.69152
2517,164726.07872
2561,14952.259
2579,259871.80289
2671,264870.26916
2690,66319.82952
2692,96744.60432
2703,26933.025
2764,33426.78976
3173,865.83217
3174,54968.63232
3177,13860.62496
3488,62217.76435
3689,56318.08896
3464,216822.53824
3419,94441.54993
3411,108971.01915
2780,36433.50172
2830,277538.59056
2832,9379.53324
2917,84666.09375
2921,219.65734
2943,418288.29476
2947,46020.07872
2977,166917.20787
2987,79652.63978
3198,4228.26075
3205,125418.11121
3291,6134.24784
3319,59535.14112
3392,5329.28025
3398,6090.91588
3632,180708.08238
3660,7806.09375
3608,173237.38432
3554,483.73976
2714,22098.51392
2799,20258.05425
2801,0.63623
3037,45868.58766
3567,200366.64144
3039,58008.59904
3692,180407.50
3668,3939.99732
3635,86252.01872
3524,279428.80
3522,18163.01718
2463,111909.93632
2469,22824.3456
2470,117280.32813
2512,11690.406
2546,63369.92991
2563,54288.9081
2564,229.82848
2583,12378.37986
2598,43928.5644
2621,7523.32581
2637,291984.6496
2668,98050.48134
2679,193545.86727
2732,225.18272
2748,41912.99203
2753,183473.46675
2759,41696.55
2762,352701.93168
2807,218582.46144
3153,83986.99722
3440,1827.19705
3183,135923.59648
3452,244347.53896
3460,25368.2408
3431,58109.23867
3418,8220.80896
2791,6828.17408
2866,37514.512
2913,159283.28052
2938,21373.26296
2962,123996.00052
2968,15685.79376
2994,128281.048
3027,354466.90629
3206,32101.62515
3226,39917.46304
3231,85664.94923
3237,2142.01134
3248,149637.1968
3267,25471.831
3253,213878.9625
3283,1084.2384
3311,309445.45247
3324,43059.534
3402,72015.8985
3403,98791.04025
3711,67777.77832
3664,9295.68325
3051,2045.9705
3073,1566.88077
3111,8281.82299
3116,15817.788
3570,350050.757
3614,34385.01192
3594,83.70054
3620,4.9532
3655,52889.51808
2414,21129.73632
2427,23611.28525
2433,2174.03207
2444,13627.278
2445,5491.03212
2453,6274.38924
3703,340858.26684
2491,88949.11725
2493,159982.1685
2494,249949.45017
2498,459550.74375
2504,96519.18675
2521,287954.04288
2536,7090.335
2540,182793.67848
2541,21090.384
2589,174070.78157
2592,100069.52949
2595,184944.375
2636,6510.042
2644,267.8144
2649,1721.04912
2652,31224.375
2685,164158.20288
2696,4260.50352
3083,56125.78524
3090,27464.50336
3138,202722.64383
3140,30886.5326
3150,179518.45184
3159,37026.80541
3179,60077.619
3067,329660.226
3443,93884.09716
3498,285425.7588
3500,16893.32841
3638,895.26528
3631,276707.96881
3603,284001.96146
3576,72373.20356
3563,33500.44299
3544,359172.60428
2795,192273.47559
2798,134913.69024
3681,45573.78259
3676,4825.68072
3481,266.76825
3478,10922.92047
3422,52417.29024
2768,6552.16128
2838,44253.81884
2851,75255.44075
2878,34218.8406
2876,80272.50714
2930,519957.74628
2940,41.13291
2945,229804.32888
2982,9745.74125
2997,2617.13424
3006,131158.40031
3011,869.93564
3014,6329.2075
3218,132846.30996
3263,64677.80529
3270,213901.38
3276,477120.26509
3320,7725.35232
3329,92488.20
3336,132034.68544
3346,9961.4403
3378,10168.7488
3709,10926.82752
3647,69074.38944
3523,418054.777
3513,463.99528
3512,55247.00643
2449,348792.6015
2464,10982.1411
2513,36035.8964
2542,263865.28196
2558,110331.06966
2614,4803.75
2631,131435.5532
2648,175897.3125
2742,6.76368
2765,39569.17195
2805,119620.7621
2809,104801.78688
2812,18591.31953
3077,284479.53534
3086,21.78981
3162,24218.39812
3172,2938.30656
3467,271820.514
3477,21915.16866
3489,7118.0046
3044,146743.4605
3053,8885.016
3054,123877.55072
3072,169777.5912
3705,185046.22304
3653,267685.873
3606,10202.88318
3604,42557.59123
3581,129095.28576
3564,265143.088
2790,50426.992
2847,8877.47091
2872,27896.5505
2888,10468.53696
2961,49278.32784
3012,52829.82775
3018,11537.38628
3021,5664.87663
3208,168795.58941
3228,8303.33952
3244,6386.10525
3257,931.63714
3290,379333.99
3308,82912.74208
3321,175394.99824
3347,226899.26
3351,38565.2736
3395,35168.63805
3396,25583.94839
3406,233889.39945
3794,106184.225
3724,89275.09332
3048,64761.8944
3713,68442.549
3637,20873.69858
3682,24133.42512
3590,221678.72384
3511,3171.0301
2428,8538.3774
2431,55126.0416
2468,260401.28716
2471,15308.73141
2497,57435.1722
2506,179.28449
2516,1444.82709
2544,19187.3304
2550,401033.80548
2548,120189.825
2586,16282.56896
2605,23614.39808
2610,145630.912
2635,168.24227
2657,123752.33297
2661,113691.312
2664,2346.38208
2704,18140.241
2713,35663.467
2738,22218.80409
2821,198335.6928
3175,93571.072
3185,636.47766
3069,335384.81004
3099,114836.10327
3566,13136.33475
3605,25202.12926
3658,337707.24169
3661,18532.0989
3748,24005.2995
3798,96371.338
3845,44012.99511
3896,18554.65304
3642,12411.31437
3613,282015.01944
3596,119846.944
3551,88761.344
3542,219398.578
3035,25265.163
3472,23324.12348
2774,29149.9236
2787,194526.05004
2789,624.4875
2837,1593.76896
2842,34059.228
2864,420.15519
2870,260205.66992
2932,60725.1645
3000,251813.11302
3017,27721.24992
3195,206740.12884
3199,131245.82856
3223,110583.28575
3224,43529.77629
3260,70328.60373
3266,71892.05996
3282,3403.20708
3339,67663.16725
3342,277248.7942
3356,53147.836
3370,45775.49312
3803,255570.55076
3058,7716.38959
3801,11904.28176
3673,90275.913
2461,7739.61412
2503,44439.49125
2569,57671.14948
2576,58041.67446
2613,14185.16631
2658,175114.05786
2666,55.20256
2675,80077.55175
2678,43938.30
2682,152043.27775
2726,162938.28096
2737,13481.73932
2706,53880.41428
2749,20202.49728
2766,28313.943
3081,13226.752
3149,10867.3635
3158,471835.00
3178,4473.35875
3182,386.86627
3428,38968.04135
3459,10936.87056
3503,293206.09164
3093,94228.24208
3105,1014.34704
3121,291307.5984
3126,149112.78102
3630,1167.31125
3699,417236.96952
3816,72248.40
3827,167552.57106
3829,16126.30404
3830,24688.42264
3918,273073.01175
3944,38569.03974
3871,24131.58902
3646,46341.50724
3643,190721.8985
3597,68018.57216
3586,159982.1685
3582,188251.59248
3580,30272.27175
3556,22647.26443
3133,35259.67872
2852,477130.27824
3025,1507.08369
3322,284982.00759
3394,8351.91504
3840,595.20384
3404,554.07947
3399,182575.48575
3377,14983.44281
3376,346651.50394
3350,4043.45088
3293,7420.25655
3285,2085.67296
3256,31479.66976
3203,42653.78152
2966,121378.8492
2952,21715.56324
2889,29490.25968
2874,46362.806
2828,99857.00732
4011,240091.425
3118,23943.598
3979,3981.61701
3863,34899.991
3861,100.30657
3788,1563.36656
3725,34576.90145
3678,8708.98952
3598,172418.2873
3536,22637.832
3517,99426.096
3505,283726.84536
3088,2913.60888
3152,85401.60125
3161,20928.79866
3181,317086.57904
3486,4236.20295
3490,11.956
3123,1725.16113
3127,19.32175
3624,47611.64436
3708,16864.39916
3758,36640.90416
3815,329062.71636
3825,75395.58642
3836,16647.876
3872,85250.55
3903,52357.8006
3932,161932.96497
3924,3361.8564
3904,183.23424
3629,2493.18468
3131,18006.96576
2929,130433.8966
2985,23537.88822
2973,186117.10488
2957,3048.88675
3245,71178.79062
3306,6985.73281
3316,70803.432
3332,55196.27456
3453,7488.83275
3457,27477.75744
3468,4907.084
3480,8473.815
3693,135124.56846
3781,97465.51696
3770,163590.532
3808,288021.5345
3961,315081.28456
3976,3.11283
3980,272588.24719
3984,367392.40125
3990,15990.21914
3995,3935.232
4039,5489.61875
3726,134518.0235
3721,165412.01152
3696,97814.41439
3694,110876.23764
3492,878.85567
3410,4870.46448
3754,70415.83556
3780,125073.5094
3897,32319.63
3548,68442.549
3562,5628.714
3579,14393.72592
3599,1758.83862
3420,8762.00157
3429,92795.50336
3430,159060.19864
3992,163828.43505
3993,319547.77288
4004,1584.64824
4038,6867.24885
3621,381523.16349
4035,366099.125
4017,12281.4594
3716,22191.56576
3777,9378.30348
3688,100323.4792
3507,326416.83648
3506,222054.52227
3449,56492.10
3462,425095.69956
3473,345439.584
3623,4101.32646
3657,21914.3232
3663,3802.23431
3746,67489.2288
3791,46765.04
3806,69057.82611
3819,66760.48071
3828,27144.35584
3833,306297.348
3834,4437.9391
3854,10292.16034
3873,167097.41895
3888,33577.77269
3894,107359.08561
3552,41192.45088
3640,56740.6994
3672,29927.43936
3860,8093.358
3869,307.44
3929,44747.39241
3945,11789.16256
3965,75078.3852
3447,3000.34966
3451,75073.96575
3482,25725.48608
3680,173764.30232
3685,35009.5592
3962,27607.68927
3963,32319.63
3972,7568.1907
3997,274455.104
4057,104227.9245
4093,225414.93968
3568,46646.11196
4015,16980.83352
3528,54237.94992
3690,162027.712
3424,638.36073
3572,82738.2528
3574,27425.83424
3577,457599.63557
3628,150829.75656
4231,228190.95208
3736,13301.08416
3759,88986.66336
3760,266728.72688
4176,411701.71728
3782,64395.46008
3804,88169.522
4117,381913.28777
3892,99696.91648
4109,48538.27706
3912,8608.59328
3921,9735.26267
3928,27861.90372
3935,905.79083
3953,107633.82168
3949,45268.55872
4119,57826.048
4120,41033.9314
4125,94637.41056
4141,396650.548
4142,37605.13848
3799,110.98584
3790,107817.50
3618,175603.323
3530,339374.40768
3525,407397.62133
3509,4839.07144
3483,67510.04932
3465,1066.23608
3450,33430.684
3558,5993.23536
3609,28059.024
3615,203155.04538
3634,285855.25248
3651,249.03494
3667,126505.27029
4209,140.76909
3421,54336.80896
3446,1514.142
3463,17038.04725
3439,148278.58528
3466,98068.5776
3683,276876.22816
3767,48670.28838
3814,26597.63358
3950,249544.24425
3986,75888.95076
4048,262326.9376
4068,169.519
4070,267901.02122
4087,76916.29568
4090,38521.27125
4100,103799.30617
4219,5825.23648
4316,486.78
4265,39409.00425
4260,126753.27189
3656,22693.84159
3704,205305.89135
3738,294919.30958
3741,31393.19799
3743,122.45079
3757,139118.91007
3771,43.51984
3821,143058.42061
3837,22525.09119
3901,76739.90625
3905,46128.48975
3910,125622.44352
4122,58848.9692
4144,144965.20192
4191,3996.72
3425,282199.24432
3445,28043.85696
3495,119076.08944
3508,283106.60224
3520,388894.38336
3521,174837.09712
3592,46522.02576
3665,80407.089
3795,237214.87118
3967,42259.85694
3977,82059.86509
4008,3772.972
4037,417456.44325
4045,106701.08288
4151,234182.35134
3534,37324.924
3547,9917.42087
3587,89778.12494
3843,207707.21552
3939,23562.22722
4140,58292.62236
3470,8154.0774
3687,451475.54179
3809,6235.69023
3813,32271.70352
3844,34283.59088
3952,14394.00347
3968,298546.1024
4018,6599.55828
4028,16088.74085
4054,5105.34864
4080,231753.9511
4081,13544.82857
4212,22711.20768
4234,103.77808
4269,38.6435
4330,255240.51392
4311,26636.6016
4346,486.98496
4307,78380.90568
4259,22689.926
3611,7088.0719
3617,25163.00752
3662,20500.88488
3700,21975.19632
3707,2.10490
3745,34419.90636
3773,465366.32576
3774,78686.17225
3800,352274.69256
3832,16867.8664
3847,145835.39376
3851,10047.2246
3878,156896.07297
3898,30603.944
3899,29278.26272
3917,108873.93216
3920,15243.26804
4127,139460.1642
4143,169445.35104
4146,66210.75664
4186,88897.45879
4188,21750.3125
4193,94302.6084
3426,100573.92324
3527,689.20362
3532,311655.344
3593,23270.32148
3714,17236.31616
3719,118302.912
3728,297.52506
3779,133066.80849
3792,165533.80473
3797,255927.70637
3966,67.02192
4040,66667.48011
4111,43961.18293
4162,30752.72788
4168,123.82146
4171,315467.60854
4178,27032.516
4180,212979.36744
4218,26202.428
4224,201519.33648
4236,19257.06804
4250,450655.39008
3543,21206.73296
3553,2097.18488
3565,61305.99552
3575,639.40688
3595,26299.64736
3427,28059.024
3601,22121.46944
3612,5533.92
3645,1139.55625
3856,116832.324
3862,155599.30386
4321,213370.65743
4331,70169.337
4335,109815.10848
4355,293702.556
4357,81671.8203
4358,321584.5458
4364,25565.8564
3455,55975.6008
3461,19993.24593
3947,60269.46156
3985,7570.40256
4005,263824.10208
4020,50013.656
4029,1503.10832
4063,7244.10624
4092,3.18969
4098,55322.94411
4137,35616.85568
4239,1463.20944
4245,273880.81462
4276,25124.96609
4278,6607.07775
4280,160115.606
4281,91584.668
4282,140015.67412
4423,271309.58288
4428,225276.81372
3535,1297.87504
3442,160045.88544
4255,50192.30853
3487,41203.76638
3469,8155.70
3515,155481.01632
3526,111047.87883
3537,173725.43251
3622,84498.58165
3625,85317.96476
3626,117828.25026
3627,80085.131
3679,15688.6632
3710,594.24309
3739,407.9985
3740,186931.206
3787,60622.95778
3831,87210.20672
3835,157441.16836
3958,8.48876
4126,951.83424
4160,106787.3625
4166,111879.21794
4206,43888.92172
4181,51100.21728
4487,36055.90989
4491,314550.831
3545,63789.59832
3550,784.43316
3573,161789.60826
3588,79614.77769
3600,72149.86548
4349,114279.67957
4443,260849.03936
3438,92794.57677
3456,229585.39317
3435,645.89301
3458,3947.615
3691,137295.872
3764,28724.76824
3960,94.76838
3974,22176.89404
4044,24536.99136
4292,25.21008
4195,38459.42457
4322,170696.68308
4340,165527.77122
4379,251068.9545
4453,132179.52384
4257,23205.45591
3654,339298.43584
3744,35447.69536
3751,23943.598
3796,175415.66504
3812,9976.67993
3824,60062.8875
3877,146290.40496
3880,315.82628
3502,96804.86256
3529,47043.70874
3722,35712.2304
3732,156503.3995
3733,65102.06395
3971,46540.2672
4043,126836.89984
4107,9141.91201
4147,31901.81904
4228,1565.70652
3434,182281.176
3546,12352.256
3476,16259.16509
3650,80927.175
3674,3237.21937
3838,516850.8345
4071,74045.01104
4069,234647.46963
4354,7274.7136
4387,177585.13248
4099,1087.21032
4105,4801.03001
4247,199762.16316
4216,186645.86325
4284,70494.60425
4509,12741.27435
4288,228783.58965
4519,4409.23616
4306,218094.52
4416,58518.01431
4568,166.59405
4566,30091.971
4553,7430.85896
4345,24958.20978
3659,10871.73171
3701,8650.90044
3805,44720.14554
3839,5813.66051
3937,2112.65936
4135,107149.80864
3485,33605.58747
3510,132432.8544
3641,35369.31524
3675,102308.65771
3684,155641.50
3686,126489.46275
3729,2203.72992
3730,69173.93168
4032,50127.3234
4116,41504.80992
4154,90.17813
4163,72282.64113
4165,9052.12672
4175,95480.616
4490,121735.24475
4562,4270.00
3561,4825.57824
3666,488876.82193
3867,294227.5098
3874,210013.118
3876,99811.25
3909,446998.972
3948,420156.14221
4363,16068.864
4417,99253.90825
4444,4676.1624
4496,16.87077
3454,330103.17872
3677,121157.04832
3697,2810.16813
3959,20974.09909
3978,148501.206
3983,93368.98998
4052,19959.27808
4053,15978.03256
4217,290418.14032
4422,14549.4272
4305,16414.15328
4367,5061.64946
3616,18218.70225
3755,52108.518
3761,124343.03623
3778,77475.2643
3783,394.18932
3789,1428.00756
3826,72257.14496
3885,160561.91921
3886,1271.23878
3493,387647.98317
3496,5410.44868
3497,12608.31936
3501,30082.6624
3514,18347.55804
3516,18325.23021
3519,414327.7075
3639,172474.14744
3644,100508.89968
3649,18490.2102
3670,91140.588
3712,161339.59296
3720,76394.35223
3785,203825.37987
3786,70001.41925
3855,74461.42144
3973,264899.29235
4003,3474.08908
4007,7407.56184
4112,216511.51571
4150,85.40
4158,262627.37907
4164,206724.15904
4169,374362.46316
4599,36393.67543
4589,2155.39779
3602,383913.54792
3607,295001.71631
3648,142642.32192
3652,270446.63296
3858,88201.66656
3943,121867.07673
3951,204601.32
4194,33.0925
4348,82122.88175
4360,3486.13475
4365,21951.6003
4413,74077.59968
4464,3923.0625
4466,37317.72051
4471,137654.30007
4486,37773.72235
4516,275.92313
4549,74995.68384
4023,66635.485
3954,466.9245
4024,6706.85484
4049,3600.90808
4130,1128.20659
4277,2068.14888
4291,131137.18268
4295,477.56961
4381,92438.59968
4430,988.61175
4457,12835.84204
4581,73171.08295
3491,636.75948
4570,86006.95488
4546,215422.86213
4534,228228.084
4397,11633.188
4343,253548.91072
3571,284864.83452
3633,42334.488
3742,8892.275
3747,228202.1224
3749,2043.52806
3763,47958.41106
3820,38894.81085
3883,59311.11984
3889,207563.846
3702,276586.36775
3890,188.80659
3906,194892.05736
3914,91.01932
3933,317015.79525
4145,159861.76304
4192,179.34
3923,5318.712
3494,32385.88332
3499,5080.2752
3504,180132.59313
3533,24614.56872
3591,46587.10056
3619,62254.038
3715,272835.7492
3718,22935.024
4149,106951.68064
4179,8527.30956
4233,7053.93325
4251,163995.91726
4620,13122.9056
3717,82854.46512
4604,178304.28588
4626,125715.42704
3541,961.67232
3560,41789.56341
3583,225721.83312
3585,295413.29307
3669,1337.7483
3671,584.136
3875,9671.65675
3934,33579.1092
3922,12813.416
3946,103199.81098
3964,81118.68023
4196,95893.952
4445,38907.69344
4326,58311.41463
4484,299680.8976
4520,155.66712
4526,10194.16384
4638,7036.61413
4617,31317.68304
4614,10672.97175
3807,25079.14899
4563,153891.0135
3988,37073.81384
4016,753.228
4076,32377.08712
4134,5825.45425
4077,136705.5872
4136,877.81806
4223,167810.59008
4273,96178.8464
4303,338484.32191
4304,66614.562
4372,259216.94288
4377,16790.54524
4426,915.38125
4431,29240.533
4432,30189.64725
4437,481.20338
4449,11800.72145
4567,7354.51136
3731,644.80416
4392,1212.54336
4391,86.4675
3706,63319.90259
4347,6017.52312
3752,112428.47658
3756,66281.22872
3762,6548.16456
3776,13708.10056
3822,119.35077
3956,108354.18776
3734,35485.408
4013,128827.50552
4041,49656.9402
4115,138928.72
4240,77457.26625
4495,102637.99
4605,759.92336
4633,29164.15551
4583,172436.57144
3868,564.921
4473,157695.04975
4475,53031.55536
4498,12586.98644
4502,29891.34932
4508,98.99568
4596,40004.776
3994,78036.91875
3695,7026.712
4072,91258.76025
4074,21531.25296
4084,44445.37104
4221,101587.82193
4286,481112.88589
4287,262780.80444
4289,17767.84149
4334,2626.2208
4551,8613.444
4540,109433.80602
4375,27407.04624
4369,18200.448
3698,1215.20784
3750,2186.4535
3817,10982.867
3818,167570.24459
3864,2.00074
3891,3652.3872
3893,77.74389
3902,171306.64404
3907,5052.05904
3908,15526.1043
3919,78075.28043
3926,32141.144
3930,2491.30161
3735,98107.76339
3772,6905.29455
3775,93357.58908
3857,74.40048
4014,328419.32984
3727,18467.80551
4027,67400.84407
4213,80045.69328
4034,622.25856
4492,78015.17164
4229,96195.09375
4758,278236.99176
4648,10197.63108
4631,10478.0676
4602,42421.2544
4590,48867.588
4561,521.01686
4560,25796.29976
3927,34146.336
4325,681.28704
4406,8723.7808
4436,924.77952
4462,27854.37144
4514,5598.7386
4662,144039.32928
4741,111602.428
4621,429684.7625
3811,214493.70159
3970,47847.2288
3987,50130.24408
4026,1.47742
4065,1504.38078
4275,252225.02711
4073,356256.13023
4341,48537.80736
4342,86629.71303
4405,105753.90294
4459,2462.082
3723,153554.78943
3955,115415.63194
4749,14993.0375
4535,8183.882
4543,34692.58856
4399,287523.15291
3853,138240.396
4532,77579.97324
4368,51413.22963
4344,48706.16492
4591,76909.07511
3865,107392.635
4258,7592.53824
3931,30239.18352
3925,104838.73092
4187,174128.64434
4167,81798.67773
3942,6316.5256
4200,89103.78519
3940,64235.59128
3957,13235.06142
3915,117689.4411
4207,75685.99766
3938,81.63386
3882,193905.32868
3850,21467.41646
4447,44530.7625
4465,4095.1008
3823,1649.10816
4501,185332.62902
3737,316053.23904
4694,129267.74679
4674,36068.70708
4677,434196.55125
4658,56673.68175
4657,81752.01944
3768,132835.9424
3842,277.92576
3996,164733.73056
4055,63369.21682
4082,124759.30572
4089,6707.55085
4096,176323.49266
4102,181899.33552
4103,6611.668
4129,48750.03917
4272,675.80436
4279,870.12352
4424,476.00252
4433,91202.52008
4439,15252.97375
4442,1860.012
4097,107269.57787
3753,3544.3562
3793,22558.27336
3846,33357.77802
3848,30442.69172
3852,48424.48156
3866,428104.32448
3881,1079.456
3895,2973.40596
3900,170972.98624
4261,13194.67149
4571,11010.88674
4612,65135.62188
4665,9672.62604
4814,32854.81472
3766,72480.5172
3859,192969.1568
4110,84270.53376
4215,81429.25868
4226,502133.41696
4227,29960.29701
4499,49.37828
4595,43013.08494
4592,49210.896
4569,88589.02815
3870,13213.39971
4476,8243.662
4494,89776.75
4531,29986.929
3769,40717.62688
3810,10808.4375
3981,242720.2505
4002,2971.18129
3999,1311.744
4021,120532.91096
4022,282791.92032
4033,10.60668
4051,86641.94231
4062,179951.87392
4106,204735.5688
4131,3336.81712
4201,325448.05888
4267,103583.91456
4271,7590.53988
4297,70396.928
4382,139875.48575
4410,311809.45684
4455,45443.475
3802,211614.21855
3784,24767.78486
3849,27945.13029
3887,116619.57125
3913,58606.2624
4121,82.01816
4123,45409.1442
4183,98951.02007
4256,236753.993
4298,7626.5616
4312,34025.38825
4371,243292.644
4396,287796.86845
4666,159053.23
4708,388208.2456
4847,7305.38928
4182,220.61809
4148,164350.66032
4249,417236.96952
4252,19323.031
4253,10408.125
4488,27129.872
4770,152349.02256
4764,7648.04397
4752,9938.852
4751,15836.6187
4630,81464.82778
4579,16150.6345
3841,1082.94032
3936,193552.84872
3941,34506.57028
4198,476090.6955
4353,7640.2683
4356,106378.61248
4434,153563.79059
4450,95.46012
4521,60306.93081
4547,85058.40
4734,1364.21376
4719,195359.74192
4565,828.38
3765,355754.42658
4056,25588.84608
4064,116891.14752
4085,166354.82325
4108,74965.1875
4204,207770.41152
4274,108141.78942
4290,135956.80
4427,1552.61043
3969,101766.35917
3879,4.08394
4010,7.92512
4012,10366.38575
3884,328188.784
3916,11511.24534
4152,131405.54364
4155,89440.29108
4157,29.14275
4159,22584.13248
4373,236.11392
4394,43566.86124
4395,59422.15692
4622,4861.34803
4541,70022.58564
4667,29036.00
4796,56230.6052
4816,6187.97725
4830,134657.09313
4905,62501.47596
4903,60397.04916
4753,357366.3345
4588,12862.74304
4559,36606.26592
4205,56725.89104
4461,43.57962
4463,254190.61913
4482,12411.31437
4507,56726.36928
4510,61293.15136
4517,199673.63325
4882,92256.30484
4869,45334.8035
4739,189517.39128
4728,11971.799
4659,48445.67357
3991,147236.859
3998,1116.62208
4031,106934.01138
4001,7897.59558
4058,1414.64246
4067,72560.964
4078,10976.56875
4266,59667.49404
4235,4774.74816
4268,327144.76046
4283,1867.698
4308,5794.09964
4294,45349.78266
4006,7739.83616
4009,63414.22689
4170,49739.949
4177,57098.30336
4208,55459.39196
4246,56962.8675
4189,39520.02852
4262,263261.44845
4190,175712.92536
4310,13010.13063
4320,219143.232
4388,212.25316
4668,22927.74792
4766,830.22464
4845,69388.20455
4836,66.11668
4888,20022.62353
4895,124278.26887
4907,55928.81868
4913,201244.8865
4915,102204.31172
4896,20517.6916
4757,278033.40243
4564,179426.74932
3911,128.60386
4362,27084.42639
4383,260401.28716
4389,155555.91639
4393,13.18149
4454,109445.91147
4548,55474.58462
4726,37143.07324
4722,14200.02164
4627,7332.444
3989,121.695
4060,147464.2792
4095,19353.65544
4237,132840.86144
4327,137933.42143
4332,190266.82325
4374,12384.94712
4715,74988.032
4712,43255.88568
4441,31992.975
4324,21029.81832
4202,82277.20809
4199,440476.53419
4086,538.63488
4059,108197.957
4025,174058.84692
3982,862.10446
3975,23578.53862
4118,196863.67008
4047,697.5045
4036,109418.50234
4497,13.59995
4479,107014.2276
4124,209312.22312
4184,62245.925
4314,11209.07879
4317,241532.81047
4319,157324.01664
4390,2938.51152
4530,117330.51771
4608,89193.468
4610,273538.91572
4681,6057.95575
4799,90834.20269
4887,97864.14281
4866,442110.99198
4976,157842.95401
4980,212.88085
4825,37540.11492
4824,130533.22107
4802,93976.07296
4750,40194.46648
4643,363669.76828
4628,24940.216
4784,91613.75097
4575,614.07297
4000,7118.15832
4046,287.06356
4061,208618.59578
4088,68765.95026
4066,456330.8008
4094,17924.31564
4299,64.05
4285,32174.55675
4420,138009.816
4435,50773.716
4636,81241.63488
4713,8634.29868
4732,164988.957
4929,40065.88824
4953,310398.18768
4979,26948.87951
4975,94171.71582
4030,201769.98975
4042,232375.94919
4153,286735.48736
4173,4930.72272
4174,197.701
4242,15544.78128
4244,36062.01599
4652,16268.38829
4133,40219.984
4801,250071.696
4805,582.44508
4806,437993.52492
4810,258202.39088
4860,21197.78304
4933,89052.11392
4936,135655.84186
4947,50834.4354
4982,147429.31644
4019,340810.26777
4329,10495.03658
4478,9417.36544
4050,11415.70836
4075,6316.184
4415,6032.1009
4079,107335.63904
4083,138604.40923
4101,10521.3654
4854,311.5392
4132,186543.49
4791,29024.3856
4270,13821.136
4296,9063.72404
4376,248219.83116
4775,71706.48576
4615,110489.72151
4616,111682.277
4403,15483.02
4742,142989.45584
4705,103745.25224
4586,143802.498
4880,13062.784
4438,1971.95859
4731,10908.41528
4961,40.44544
4959,1055.55681
4968,76147.8921
4359,57197.11543
4448,183374.61198
4113,42199.02225
4172,33057.9984
4220,19622.88748
4222,433916.17024
4472,104037.96928
4527,3752.6895
4315,2899.22752
4366,8439.91974
4370,16346.09375
4528,170284.29075
4542,103416.42808
4574,7021.161
4606,43834.18032
4669,13070.16256
4698,6.71671
4794,43229.83868
4797,337630.608
4815,147.9555
4091,65472.4224
4821,210.90384
4841,67939.52165
4910,138240.396
4916,18501.19264
4922,10192.63518
4104,4406.3838
4139,41603.97213
4230,940.86034
4232,232790.8352
4248,248383.9358
4328,295921.52128
4339,244772.54487
4623,207.70134
4871,12247.09871
4380,9643.43632
4352,105661.15
4419,89943.84364
4515,10964.079
4597,274826.32499
4557,8556.02104
4782,202404.5331
4744,130840.2725
4868,210464.9694
4995,83432.14488
4998,194889.59357
4114,109868.87205
4156,78343.70544
4161,217522.41259
4238,2343.0344
4485,91778.0136
4607,130058.8625
4313,15592.759
4537,212260.419
4185,238397.44768
4544,89052.11392
4670,12410.73792
4844,131577.90219
4912,92214.47592
4923,348466.16
4950,55817.30336
4128,225361.44512
4138,47648.53716
4210,24418.28536
4214,4863.56416
4225,3126.51108
4412,87042.82272
4425,226.23741
4429,24659.21584
4684,8.1984
4690,25459.27293
4720,120260.14336
4724,3522.75
4727,124002.935
4892,62671.644
4958,21201.67728
4440,311.283
4409,14811.5625
4446,310503.34924
4469,3578.73397
4480,80702.92741
4593,132394.60801
4759,41788.355
4870,1463.0301
4996,147009.16125
4489,110678.40
4493,14438.151
4301,151222.1354
4555,45054.24315
4573,374207.855
4401,125986.98196
4578,18015.984
4661,50781.28671
4671,6992.10792
4197,68812.99712
4676,82221.412
4835,2690.10
4891,15004.0968
4906,19133.22096
4302,281747.44416
4619,37627.16741
4241,130942.112
4861,38888.01728
4729,104160.672
4962,11639.54176
4350,160060.28388
4203,93163.714
4458,260929.86192
4467,147306.35752
4503,3723.83711
4504,5063.366
4513,19336.4815
4524,144532.8815
4558,132131.25576
4645,24754.79552
4647,41675.20
4774,8850.429
4900,231378.25942
4997,277862.96538
4477,280699.8082
4254,15303.57325
4211,8174.21472
4263,30577.36752
4384,34666.11456
4386,4949.66871
4538,14142.98725
4556,27010.739
4660,147367.41425
4769,204849.11664
4793,12287.91564
4838,219346.68896
4839,2195.58276
4852,5671.92213
4989,90773.84624
4243,10254.3623
4293,12236.18886
4300,33617.18052
4336,286142.19648
4337,232701.336
4338,7800.48724
4414,880.11532
4635,29.30928
4640,874.35936
4672,117892.01844
4691,22224.22272
4709,1777.0032
4921,4399.06075
4931,20582.44188
4964,826.44996
4318,50179.12704
4361,166846.94075
4400,17224.326
4411,45658.683
4452,30936.64105
4505,165325.42873
4523,15439.59837
4536,4575.8601
4572,7429.80
4584,240012.75452
4587,3137.73264
4695,207762.72552
4697,123378.7464
4700,31511.63925
4745,31543.344
4848,10979.29728
4474,213945.39516
4264,80420.89818
4309,226934.83337
4378,69018.84528
4539,12593.51954
4582,64445.98272
4603,4946.80781
4932,6440.45808
4940,134865.388
4942,7575.93648
4990,9863.70
4637,171041.10982
4641,49518.336
4689,326388.7655
4707,21909.26325
4735,160730.6141
4873,377505.30272
4323,31515.26875
4333,134451.27059
4402,156.33324
4421,107874.72227
4456,3.74976
4500,9607.50
4518,178317.65952
4525,207014.724
4529,124492.97728
4550,39408.3851
4577,58716.87675
4594,154585.84498
4642,11724.3952
4748,223705.30
4760,28455.28
4772,226962.7976
4773,38625.80085
4785,2344.88331
4807,67100.33428
4808,502792.50
4809,4.30416
4878,127896.95296
4890,100984.8595
4483,516.80664
4398,154987.36162
4576,19779.61356
4680,30594.01625
4699,38344.53168
4855,10248.26901
4991,1130.37148
4639,17564.45712
4692,1154.608
4716,141011.199
4718,84954.31875
4901,58394.2996
4351,111221.44152
4468,360.70398
4385,12180.90944
4552,122593.39092
4598,302029.056
4763,46820.07603
4777,3507.378
4778,87935.81209
4820,2241.2376
4874,18332.71125
4650,24288.72075
4654,99367.06752
4840,6234.8832
4908,12582.03324
4914,10845.06556
4407,64349.1562
4408,111.60072
4418,41671.94626
4451,175869.89056
4460,11164.72203
4625,308655.5836
4685,43500.625
4687,183220.58881
4710,87498.03888
4714,752.26725
4783,12297.60
4919,321952.76498
4404,49900.56505
4512,13015.77984
4554,1174.24573
4649,313531.70156
4696,11013.33772
4755,9471.0308
4762,447943.01776
4765,2968.87122
4789,62343.708
4822,145105.18533
4992,392265.15552
4993,59588.32824
4470,140408.77032
4701,13085.00508
4611,270758.78704
4481,29008.27062
4792,70130.71912
4937,40172.16
4795,1066.88512
4803,81123.48825
4832,2213.55092
4823,63159.53847
4788,85106.15568
4837,113327.35428
4889,43383.20
4632,63180.76464
4730,21582.33924
4506,349416.68762
4511,11837.9345
4522,110187.04256
4533,9853.89608
4600,23340.86188
4629,89743.35006
4960,7.46396
4754,50164.9848
4831,45097.54095
4601,171797.92889
4580,120488.05888
4702,53836.4162
4786,654.38604
4930,8365.85232
4972,16168.03902
4651,142000.2164
4653,141089.01975
4688,11.99016
4711,26873.87696
4767,197742.52575
4884,14688.80
4973,190339.07165
4545,23008.01965
4585,122425.69948
4756,45454.7478
4827,15.06456
5000,94380.76648
4842,68957.83125
4675,16540.88688
4927,119.35077
4943,1371.951
4609,71988.30576
4618,23763.11364
4952,275374.008
4693,4095.8694
4721,105.35798
4723,346923.2382
4740,3581.676
4865,36343.88296
4881,27887.04975
4644,9055.1328
4761,248745.48524
4776,147403.06875
4780,1402.84872
4813,175329.34272
4829,57310.88531
4853,43594.03125
4818,30690.625
4673,710.80128
4819,9158.94504
4843,10479.6902
4918,3291.1879
4945,4598.363
4897,257762.71325
4682,73577.20692
4634,138305.38967
4686,19430.9766
4717,9703.575
4963,57295.83356
4966,10171.27664
4646,6795.65376
4746,30696.65424
4779,296142.5194
4902,86210.38195
4613,43300.39616
4678,9985.77076
4683,4952.89683
4704,152095.83718
4804,29965.56192
4833,124923.06449
4904,45192.41181
4909,159286.64101
4920,6041.196
4948,164133.30024
4951,36933.84324
4985,527.10588
4987,81692.84578
4655,257070.19184
4656,303677.68165
4939,1792.99008
4679,78521.43992
4733,172089.74496
4934,8433.99725
4624,1719.47776
4743,12835.16311
4771,62477.87994
4811,12394.59732
4851,523.075
4877,508.23675
4663,31823.883
4790,704.55
4812,1767.9935
4826,37894.13208
4828,64439.89797
4664,53690.09184
4737,104951.2625
4956,946.30032
4970,182769.664
4986,131062.74804
4935,9547.1649
4703,55249.00479
4846,4088.82817
4800,204045.04575
4862,103914.72
4917,310240.33859
4944,188675.928
4949,136173.09258
4706,34890.55857
4725,27993.68019
4858,75944.41806
4876,32960.84736
4885,1241.78432
4924,335342.742
4925,35673.59544
4955,3273.62112
4747,177623.2465
4872,13122.9056
4899,106811.30439
4850,430933.31904
4946,2944.2504
4736,289492.81424
4738,102191.28822
4867,387.5025
4883,189384.5772
4928,9696.53804
4965,53484.64506
4834,52188.00832
4787,39070.98251
4879,2860.96832
4898,108189.60915
4974,280819.80801
4954,24607.79223
4859,26042.28165
4978,54879.9615
4817,2127.65133
4781,149738.225
4938,432761.24199
4768,14983.44281
4798,8992.96587
4849,334.83632
4857,109047.27708
4941,251367.71359
4863,124938.94889
4971,247312.40492
4994,12054.0392
4856,209.0592
4999,4994.3628
4967,106420.90256
4969,42320.94783
4864,36786.477
4886,1463.72184
4893,56955.75795
4926,50326.01504
4875,50763.86084
4894,3.82592
4957,71350.17988
4981,242719.03782
4983,64170.414
4984,253297.28816
4911,763.24542
4977,371159.3312
4988,84739.49505
